087e7a8b-2948-4061-a6c1-1baf4fd6fa2b,小冯,123456,guest,2025-02-19 21:12:28,"",2003-07-11,female
130f3887-029e-4fef-98f5-2e1ea457f49a,xiaobai,xiaobai,guest,2025-02-19 21:10:06,xiaobai@gmail.com,2025-02-05,female
19b8b4b7-c435-4088-8d5c-ce7e0f049252,秋白,123456,admin,2025-02-19 21:08:41,"",2025-02-01,male
1ec44f70-8642-4a32-86e3-9d869dcfd108,小王,123456,guest,2025-02-19 21:12:33,"",,male
26ce218f-8bc9-4c86-991a-4026aeb439e2,honey,123456,guest,2025-02-20 16:35:56,honey@qq.com,2020-02-04,female
2f071e63-6744-410f-9faf-e39d8be81a24,xiaohei,123456,guest,2025-02-19 21:10:12,xiaohei@gmail.com,2025-01-31,female
426a791e-4ae0-4a4b-ab50-9dad585cfa1b,王五,123456,guest,2025-02-19 21:06:29,"",,male
4967d9d5-0605-4713-8e0a-e79bcbbd2377,zhangyr,123456,admin,2025-02-19 21:08:18,zhangyr@gmail.com,2026-06-26,male
4a2f267c-9c0c-4a14-885e-ebbe56c113da,Jack,123456,guest,2025-02-19 21:09:51,Jack@gmail.com,,male
4d1f8fc9-d544-4e96-9078-90cc935f77a4,小赵,123456,guest,2025-02-19 21:12:06,"",2023-02-11,female
56524e7f-9f1a-40e7-b7b0-b63cee0e051b,John,123456,guest,2025-02-19 21:09:56,John@gmail.com,2025-02-13,male
5c14d5a2-08da-4b96-8e16-19e1e89d8ba2,zyr,123456,admin,2025-02-19 21:08:11,zyr@gmail.com,2003-07-13,male
6291075a-79ee-4b2a-9110-911844dca929,管理员,123456,admin,2025-02-19 21:11:47,"",,male
661649a2-d6ef-4e4e-9b1c-88566b9168b6,小白,123456,guest,2025-02-19 21:10:17,"",2025-02-06,female
678dca67-effe-4388-a7c6-00173b96a015,小李,123456,guest,2025-02-19 21:12:10,xiaoli@163.com,,male
708cc440-eddd-4b18-9124-3479c9718167,小黑,123456,guest,2025-02-19 21:10:21,"",,male
78416080-a1fb-4ee6-8db9-fadcb9c0d2b2,张三,123456,guest,2025-02-19 21:06:59,"",2020-11-21,male
7bae42ff-9550-4185-acc6-21f99c7cf2a3,我是人,123456,guest,2025-02-19 21:12:01,"",,male
81df46cd-6080-47a3-9d85-50a286517456,zhaoliu,123456,guest,2025-02-19 21:08:01,zhaoliu@qq.com,,female
842ee299-9d91-4104-9099-75f190645bf1,fengyunyun,123456,admin,2025-02-19 21:10:37,fengyunyun@edu.com,,female
8bd60957-ed90-4cfc-be77-56a0bc0c752c,zhangsan,123456,guest,2025-02-19 21:03:51,zhangsan@qq.com,2012-12-31,male
8be0f994-06c1-4b5d-af6d-cc47051a5290,Mary,123456,guest,2025-02-19 21:10:01,"",,female
8cdfb9e6-224a-42b8-9ca7-ec41775ebd09,李四,123456,guest,2025-02-19 21:06:54,Mary@gmail.com,,male
988adf5e-67aa-44e2-a98d-72fe54407e47,zhangqiubai,123456,guest,2025-02-19 21:08:33,"",,male
9f1de039-3f48-466b-adb4-d656037fad7c,qiubai,123456,admin,2025-02-19 21:08:28,qiubai@qq.com,1999-05-15,female
a8ecf6d1-102a-46a3-9e6a-5797f3efbd4f,qiufengshuishui,123456,guest,2025-02-19 21:10:48,"",,female
ae4f92e9-caaf-4c91-8371-f7232822c105,gule,123456,guest,2025-02-19 21:08:47,gule@163.com,,female
b0d30b42-e735-454b-a422-5178967efea1,小张,123456,guest,2025-02-19 21:12:20,"",,male
bbcf5911-1f45-41c2-9246-129d35153f48,lisi,lisi1234,guest,2025-02-19 21:07:05,lisi@163.com,2001-10-10,male
c0982124-e649-415a-97f4-1d440a78d5e9,小黄,123456,guest,2025-02-19 21:10:26,"",,male
cc0ff635-5500-451e-b991-496a98ec5382,hanhan,123456,guest,2025-02-20 16:34:56,"",,male
ce699c6b-59a3-49d1-ac38-fa6fc452a825,Alice,123456,guest,2025-02-20 16:36:42,Alice@163.com,2018-03-01,female
d0a3baa0-9322-4f64-91a2-db3e4c52361f,admin,admin,admin,2025-02-19 21:03:41,admin@gmail,1970-01-01,female
d5556353-e081-4efa-b294-71f1f6cc079b,张永锐,zyr123,admin,2025-02-21 22:10:00,zhangyongrui@gmail.com,2003-07-13,male
d95f904d-6fd0-4428-b08d-31cd1b04b50d,赵六,123456,guest,2025-02-19 21:06:37,"",,male
df84141c-fe67-4046-ab99-fbb2f32533ec,wangwu,123456,guest,2025-02-19 21:07:10,wangwu@gmail,,male
e5275b68-b203-40fa-8621-f1ffa62146dd,xiaohuang,123456,guest,2025-02-19 21:10:31,xiaohuang@gmail,,male
f1b65715-965d-4e0d-abd6-6c197d6ce5e0,小航,123456,guest,2025-02-19 21:12:15,"",,female
f4617b50-f08a-4449-99e1-329d5e76442e,zhangyongrui,123456,admin,2025-02-19 21:08:23,zyr@163.com,2003-07-13,male
