-- MySQL dump 10.13  Distrib 8.0.32, for macos13 (arm64)
--
-- Host: 127.0.0.1    Database: FeatureMatching
-- ------------------------------------------------------
-- Server version	8.0.32

/*!40101 SET @OLD_CHARACTER_SET_CLIENT=@@CHARACTER_SET_CLIENT */;
/*!40101 SET @OLD_CHARACTER_SET_RESULTS=@@CHARACTER_SET_RESULTS */;
/*!40101 SET @OLD_COLLATION_CONNECTION=@@COLLATION_CONNECTION */;
/*!50503 SET NAMES utf8mb4 */;
/*!40103 SET @OLD_TIME_ZONE=@@TIME_ZONE */;
/*!40103 SET TIME_ZONE='+00:00' */;
/*!40014 SET @OLD_UNIQUE_CHECKS=@@UNIQUE_CHECKS, UNIQUE_CHECKS=0 */;
/*!40014 SET @OLD_FOREIGN_KEY_CHECKS=@@FOREIGN_KEY_CHECKS, FOREIGN_KEY_CHECKS=0 */;
/*!40101 SET @OLD_SQL_MODE=@@SQL_MODE, SQL_MODE='NO_AUTO_VALUE_ON_ZERO' */;
/*!40111 SET @OLD_SQL_NOTES=@@SQL_NOTES, SQL_NOTES=0 */;

--
-- Table structure for table `alembic_version`
--

DROP TABLE IF EXISTS `alembic_version`;
/*!40101 SET @saved_cs_client     = @@character_set_client */;
/*!50503 SET character_set_client = utf8mb4 */;
CREATE TABLE `alembic_version` (
  `version_num` varchar(32) NOT NULL,
  PRIMARY KEY (`version_num`)
) ENGINE=InnoDB DEFAULT CHARSET=utf8mb4 COLLATE=utf8mb4_0900_ai_ci;
/*!40101 SET character_set_client = @saved_cs_client */;

--
-- Dumping data for table `alembic_version`
--

LOCK TABLES `alembic_version` WRITE;
/*!40000 ALTER TABLE `alembic_version` DISABLE KEYS */;
INSERT INTO `alembic_version` VALUES ('8f210eb69483');
/*!40000 ALTER TABLE `alembic_version` ENABLE KEYS */;
UNLOCK TABLES;

--
-- Table structure for table `t_detection`
--

DROP TABLE IF EXISTS `t_detection`;
/*!40101 SET @saved_cs_client     = @@character_set_client */;
/*!50503 SET character_set_client = utf8mb4 */;
CREATE TABLE `t_detection` (
  `id` varchar(128) NOT NULL,
  `user_id` varchar(128) NOT NULL,
  `origin_image_name` varchar(128) NOT NULL COMMENT '原图片名（无uuid）',
  `origin_image_url` varchar(256) NOT NULL COMMENT '原图片url，用于显示',
  `algorithm` varchar(64) NOT NULL COMMENT '使用算法',
  `config` varchar(256) NOT NULL COMMENT '参数',
  `image_width` int NOT NULL,
  `image_height` int NOT NULL,
  `elapsed_time` float NOT NULL,
  `res_image_url` varchar(256) NOT NULL COMMENT '结果图片url',
  `res_kpts_num` int NOT NULL COMMENT 'kpts数量',
  `res_image_path` varchar(256) NOT NULL COMMENT '结果图片路径，用于下载',
  `res_kpts_path` varchar(256) NOT NULL COMMENT '结果kpts路径，用于下载',
  `record_date` datetime NOT NULL COMMENT '产生记录的时间',
  `origin_image_path` varchar(256) NOT NULL COMMENT '原图片Path',
  `res_scores_path` varchar(256) DEFAULT NULL COMMENT '结果分数路径，用于下载',
  `res_descriptors_path` varchar(256) DEFAULT NULL COMMENT '结果描述子路径，用于下载',
  PRIMARY KEY (`id`),
  KEY `user_id` (`user_id`),
  CONSTRAINT `t_detection_ibfk_1` FOREIGN KEY (`user_id`) REFERENCES `t_user` (`id`)
) ENGINE=InnoDB DEFAULT CHARSET=utf8mb4 COLLATE=utf8mb4_0900_ai_ci;
/*!40101 SET character_set_client = @saved_cs_client */;

--
-- Dumping data for table `t_detection`
--

LOCK TABLES `t_detection` WRITE;
/*!40000 ALTER TABLE `t_detection` DISABLE KEYS */;
INSERT INTO `t_detection` VALUES ('024efc0e-5ca3-4ab5-ae63-e80efb55fa30','d5556353-e081-4efa-b294-71f1f6cc079b','scene0737_00_frame-001095.jpg','http://localhost:5173/src/assets/detection/4b66adad-de6a-4e44-b327-ee940464231d_scene0737_00_frame-001095.jpg','SuperPoint','{}',1296,968,970476,'http://localhost:5173/src/assets/detection/img/res_SuperPoint_4b66adad-de6a-4e44-b327-ee940464231d_scene0737_00_frame-001095.jpg',200,'/Users/yonruizhang/MyUse/school/大四/毕业设计/代码/FeatureMatching/FeatureMatchingFrontend/src/assets/detection/img/res_SuperPoint_4b66adad-de6a-4e44-b327-ee940464231d_scene0737_00_frame-001095.jpg','/Users/yonruizhang/MyUse/school/大四/毕业设计/代码/FeatureMatching/FeatureMatchingFrontend/src/assets/detection/kpts/res_SuperPoint_4b66adad-de6a-4e44-b327-ee940464231d_scene0737_00_frame-001095.npy','2025-04-08 09:04:17','/Users/yonruizhang/MyUse/school/大四/毕业设计/代码/FeatureMatching/FeatureMatchingFrontend/src/assets/detection/4b66adad-de6a-4e44-b327-ee940464231d_scene0737_00_frame-001095.jpg','/Users/yonruizhang/MyUse/school/大四/毕业设计/代码/FeatureMatching/FeatureMatchingFrontend/src/assets/detection/scores/res_SuperPoint_4b66adad-de6a-4e44-b327-ee940464231d_scene0737_00_frame-001095.npy','/Users/yonruizhang/MyUse/school/大四/毕业设计/代码/FeatureMatching/FeatureMatchingFrontend/src/assets/detection/desc/res_SuperPoint_4b66adad-de6a-4e44-b327-ee940464231d_scene0737_00_frame-001095.npy'),('04dd78ce-e5d1-4808-beed-47dfadb41d0d','d5556353-e081-4efa-b294-71f1f6cc079b','scene0737_00_frame-000930.jpg','http://localhost:5173/src/assets/detection/d127cae1-2c9a-48e7-9131-138923c1a327_scene0737_00_frame-000930.jpg','ORB','{}',1296,968,128687,'http://localhost:5173/src/assets/detection/img/res_ORB_d127cae1-2c9a-48e7-9131-138923c1a327_scene0737_00_frame-000930.jpg',53,'/Users/yonruizhang/MyUse/school/大四/毕业设计/代码/FeatureMatching/FeatureMatchingFrontend/src/assets/detection/img/res_ORB_d127cae1-2c9a-48e7-9131-138923c1a327_scene0737_00_frame-000930.jpg','/Users/yonruizhang/MyUse/school/大四/毕业设计/代码/FeatureMatching/FeatureMatchingFrontend/src/assets/detection/kpts/res_ORB_d127cae1-2c9a-48e7-9131-138923c1a327_scene0737_00_frame-000930.npy','2025-04-08 09:04:05','/Users/yonruizhang/MyUse/school/大四/毕业设计/代码/FeatureMatching/FeatureMatchingFrontend/src/assets/detection/d127cae1-2c9a-48e7-9131-138923c1a327_scene0737_00_frame-000930.jpg','','/Users/yonruizhang/MyUse/school/大四/毕业设计/代码/FeatureMatching/FeatureMatchingFrontend/src/assets/detection/desc/res_ORB_d127cae1-2c9a-48e7-9131-138923c1a327_scene0737_00_frame-000930.npy'),('09e69ad3-e643-415d-9a3d-13326ed8f344','d5556353-e081-4efa-b294-71f1f6cc079b','img105_left.png','http://localhost:5173/src/assets/detection/b9d229da-65e1-44f6-8a26-a809b9dc8449_img105_left.png','ORB','{}',2196,1880,37686,'http://localhost:5173/src/assets/detection/img/res_ORB_b9d229da-65e1-44f6-8a26-a809b9dc8449_img105_left.png',300,'/Users/yonruizhang/MyUse/school/大四/毕业设计/代码/FeatureMatching/FeatureMatchingFrontend/src/assets/detection/img/res_ORB_b9d229da-65e1-44f6-8a26-a809b9dc8449_img105_left.png','/Users/yonruizhang/MyUse/school/大四/毕业设计/代码/FeatureMatching/FeatureMatchingFrontend/src/assets/detection/kpts/res_ORB_b9d229da-65e1-44f6-8a26-a809b9dc8449_img105_left.npy','2025-04-07 10:50:54','/Users/yonruizhang/MyUse/school/大四/毕业设计/代码/FeatureMatching/FeatureMatchingFrontend/src/assets/detection/b9d229da-65e1-44f6-8a26-a809b9dc8449_img105_left.png','','/Users/yonruizhang/MyUse/school/大四/毕业设计/代码/FeatureMatching/FeatureMatchingFrontend/src/assets/detection/desc/res_ORB_b9d229da-65e1-44f6-8a26-a809b9dc8449_img105_left.npy'),('0bc4cb75-fe95-4484-bfc2-3d200a8958fa','d5556353-e081-4efa-b294-71f1f6cc079b','img105_left.png','http://localhost:5173/src/assets/detection/b9d229da-65e1-44f6-8a26-a809b9dc8449_img105_left.png','SIFT','{}',2196,1880,603285,'http://localhost:5173/src/assets/detection/img/res_SIFT_b9d229da-65e1-44f6-8a26-a809b9dc8449_img105_left.png',3559,'/Users/yonruizhang/MyUse/school/大四/毕业设计/代码/FeatureMatching/FeatureMatchingFrontend/src/assets/detection/img/res_SIFT_b9d229da-65e1-44f6-8a26-a809b9dc8449_img105_left.png','/Users/yonruizhang/MyUse/school/大四/毕业设计/代码/FeatureMatching/FeatureMatchingFrontend/src/assets/detection/kpts/res_SIFT_b9d229da-65e1-44f6-8a26-a809b9dc8449_img105_left.npy','2025-04-07 10:50:52','/Users/yonruizhang/MyUse/school/大四/毕业设计/代码/FeatureMatching/FeatureMatchingFrontend/src/assets/detection/b9d229da-65e1-44f6-8a26-a809b9dc8449_img105_left.png','','/Users/yonruizhang/MyUse/school/大四/毕业设计/代码/FeatureMatching/FeatureMatchingFrontend/src/assets/detection/desc/res_SIFT_b9d229da-65e1-44f6-8a26-a809b9dc8449_img105_left.npy'),('0cb84455-d7f3-457a-ae2f-5cdc49fe2950','d5556353-e081-4efa-b294-71f1f6cc079b','scene0737_00_frame-001095.jpg','http://localhost:5173/src/assets/detection/4b66adad-de6a-4e44-b327-ee940464231d_scene0737_00_frame-001095.jpg','ORB','{}',1296,968,14526,'http://localhost:5173/src/assets/detection/img/res_ORB_4b66adad-de6a-4e44-b327-ee940464231d_scene0737_00_frame-001095.jpg',300,'/Users/yonruizhang/MyUse/school/大四/毕业设计/代码/FeatureMatching/FeatureMatchingFrontend/src/assets/detection/img/res_ORB_4b66adad-de6a-4e44-b327-ee940464231d_scene0737_00_frame-001095.jpg','/Users/yonruizhang/MyUse/school/大四/毕业设计/代码/FeatureMatching/FeatureMatchingFrontend/src/assets/detection/kpts/res_ORB_4b66adad-de6a-4e44-b327-ee940464231d_scene0737_00_frame-001095.npy','2025-04-08 09:04:13','/Users/yonruizhang/MyUse/school/大四/毕业设计/代码/FeatureMatching/FeatureMatchingFrontend/src/assets/detection/4b66adad-de6a-4e44-b327-ee940464231d_scene0737_00_frame-001095.jpg','','/Users/yonruizhang/MyUse/school/大四/毕业设计/代码/FeatureMatching/FeatureMatchingFrontend/src/assets/detection/desc/res_ORB_4b66adad-de6a-4e44-b327-ee940464231d_scene0737_00_frame-001095.npy'),('137e82d8-4b98-45c2-aa00-3302c1457d1f','d5556353-e081-4efa-b294-71f1f6cc079b','scene0738_00_frame-000885.jpg','http://localhost:5173/src/assets/detection/9c146b10-32e5-48fb-82e5-64ad21f1a788_scene0738_00_frame-000885.jpg','SIFT','{}',1296,968,146456,'http://localhost:5173/src/assets/detection/img/res_SIFT_9c146b10-32e5-48fb-82e5-64ad21f1a788_scene0738_00_frame-000885.jpg',2313,'/Users/yonruizhang/MyUse/school/大四/毕业设计/代码/FeatureMatching/FeatureMatchingFrontend/src/assets/detection/img/res_SIFT_9c146b10-32e5-48fb-82e5-64ad21f1a788_scene0738_00_frame-000885.jpg','/Users/yonruizhang/MyUse/school/大四/毕业设计/代码/FeatureMatching/FeatureMatchingFrontend/src/assets/detection/kpts/res_SIFT_9c146b10-32e5-48fb-82e5-64ad21f1a788_scene0738_00_frame-000885.npy','2025-04-08 09:04:32','/Users/yonruizhang/MyUse/school/大四/毕业设计/代码/FeatureMatching/FeatureMatchingFrontend/src/assets/detection/9c146b10-32e5-48fb-82e5-64ad21f1a788_scene0738_00_frame-000885.jpg','','/Users/yonruizhang/MyUse/school/大四/毕业设计/代码/FeatureMatching/FeatureMatchingFrontend/src/assets/detection/desc/res_SIFT_9c146b10-32e5-48fb-82e5-64ad21f1a788_scene0738_00_frame-000885.npy'),('1883753d-0a3a-4cda-9207-7675dff8b70c','d5556353-e081-4efa-b294-71f1f6cc079b','chess.png','http://localhost:5173/src/assets/detection/5d218788-0bad-4152-bccd-e45b742871b7_chess.png','SIFT','{}',826,744,57454,'http://localhost:5173/src/assets/detection/img/res_SIFT_5d218788-0bad-4152-bccd-e45b742871b7_chess.png',1132,'/Users/yonruizhang/MyUse/school/大四/毕业设计/代码/FeatureMatching/src/assets/detection/img/res_SIFT_5d218788-0bad-4152-bccd-e45b742871b7_chess.png','/Users/yonruizhang/MyUse/school/大四/毕业设计/代码/FeatureMatching/src/assets/detection/kpts/res_SIFT_5d218788-0bad-4152-bccd-e45b742871b7_chess.npy','2025-02-24 21:56:12','/Users/yonruizhang/MyUse/school/大四/毕业设计/代码/FeatureMatching/src/assets/detection/5d218788-0bad-4152-bccd-e45b742871b7_chess.png','',''),('18af11cb-faf2-4310-9158-c08856ffc25d','d0a3baa0-9322-4f64-91a2-db3e4c52361f','chess.png','http://localhost:5173/src/assets/detection/fe73644c-cdc1-4f6b-8178-04638b25e1ce_chess.png','SIFT','{}',826,744,81402,'http://localhost:5173/src/assets/detection/img/res_SIFT_fe73644c-cdc1-4f6b-8178-04638b25e1ce_chess.png',1132,'/Users/yonruizhang/MyUse/school/大四/毕业设计/代码/FeatureMatching/src/assets/detection/img/res_SIFT_fe73644c-cdc1-4f6b-8178-04638b25e1ce_chess.png','/Users/yonruizhang/MyUse/school/大四/毕业设计/代码/FeatureMatching/src/assets/detection/kpts/res_SIFT_fe73644c-cdc1-4f6b-8178-04638b25e1ce_chess.npy','2025-02-25 09:37:39','/Users/yonruizhang/MyUse/school/大四/毕业设计/代码/FeatureMatching/src/assets/detection/fe73644c-cdc1-4f6b-8178-04638b25e1ce_chess.png','',''),('23b0458f-15da-4c9e-a1d8-acdb68c009c4','d5556353-e081-4efa-b294-71f1f6cc079b','london_bridge_19481797_2295892421.jpg','http://localhost:5173/src/assets/detection/4f97c4c0-82c3-4269-9516-b1e12e279feb_london_bridge_19481797_2295892421.jpg','ORB','{}',791,1087,89777,'http://localhost:5173/src/assets/detection/img/res_ORB_4f97c4c0-82c3-4269-9516-b1e12e279feb_london_bridge_19481797_2295892421.jpg',500,'/Users/yonruizhang/MyUse/school/大四/毕业设计/代码/FeatureMatching/src/assets/detection/img/res_ORB_4f97c4c0-82c3-4269-9516-b1e12e279feb_london_bridge_19481797_2295892421.jpg','/Users/yonruizhang/MyUse/school/大四/毕业设计/代码/FeatureMatching/src/assets/detection/kpts/res_ORB_4f97c4c0-82c3-4269-9516-b1e12e279feb_london_bridge_19481797_2295892421.npy','2025-03-09 10:23:01','/Users/yonruizhang/MyUse/school/大四/毕业设计/代码/FeatureMatching/src/assets/detection/4f97c4c0-82c3-4269-9516-b1e12e279feb_london_bridge_19481797_2295892421.jpg','',''),('2f2e962a-26f5-42a6-8ca8-79bdbd0e3896','d5556353-e081-4efa-b294-71f1f6cc079b','img105_left.png','http://localhost:5173/src/assets/detection/b9d229da-65e1-44f6-8a26-a809b9dc8449_img105_left.png','Shi_Tomasi','{\"maxCorners\":1000,\"qualityLevel\":0.01,\"minDistance\":10}',2196,1880,46904,'http://localhost:5173/src/assets/detection/img/res_Shi_Tomasi_b9d229da-65e1-44f6-8a26-a809b9dc8449_img105_left.png',1000,'/Users/yonruizhang/MyUse/school/大四/毕业设计/代码/FeatureMatching/FeatureMatchingFrontend/src/assets/detection/img/res_Shi_Tomasi_b9d229da-65e1-44f6-8a26-a809b9dc8449_img105_left.png','/Users/yonruizhang/MyUse/school/大四/毕业设计/代码/FeatureMatching/FeatureMatchingFrontend/src/assets/detection/kpts/res_Shi_Tomasi_b9d229da-65e1-44f6-8a26-a809b9dc8449_img105_left.npy','2025-04-07 10:50:56','/Users/yonruizhang/MyUse/school/大四/毕业设计/代码/FeatureMatching/FeatureMatchingFrontend/src/assets/detection/b9d229da-65e1-44f6-8a26-a809b9dc8449_img105_left.png','',''),('33ff0ff7-ff5e-4071-b703-38552aca55ad','d5556353-e081-4efa-b294-71f1f6cc079b','scene0755_00_frame-000120.jpg','http://localhost:5173/src/assets/detection/8a4edfe1-5676-4f88-be8e-240c2372d5bd_scene0755_00_frame-000120.jpg','Shi_Tomasi','{\"maxCorners\":1000,\"qualityLevel\":0.01,\"minDistance\":10}',1296,968,16969,'http://localhost:5173/src/assets/detection/img/res_Shi_Tomasi_8a4edfe1-5676-4f88-be8e-240c2372d5bd_scene0755_00_frame-000120.jpg',53,'/Users/yonruizhang/MyUse/school/大四/毕业设计/代码/FeatureMatching/FeatureMatchingFrontend/src/assets/detection/img/res_Shi_Tomasi_8a4edfe1-5676-4f88-be8e-240c2372d5bd_scene0755_00_frame-000120.jpg','/Users/yonruizhang/MyUse/school/大四/毕业设计/代码/FeatureMatching/FeatureMatchingFrontend/src/assets/detection/kpts/res_Shi_Tomasi_8a4edfe1-5676-4f88-be8e-240c2372d5bd_scene0755_00_frame-000120.npy','2025-04-08 09:05:05','/Users/yonruizhang/MyUse/school/大四/毕业设计/代码/FeatureMatching/FeatureMatchingFrontend/src/assets/detection/8a4edfe1-5676-4f88-be8e-240c2372d5bd_scene0755_00_frame-000120.jpg','',''),('437df8d9-7b13-4146-9b70-7505dd99aa33','d5556353-e081-4efa-b294-71f1f6cc079b','scene0755_00_frame-000120.jpg','http://localhost:5173/src/assets/detection/8a4edfe1-5676-4f88-be8e-240c2372d5bd_scene0755_00_frame-000120.jpg','Harris','{\"blocksize\":2,\"ksize\":3,\"k\":0.02}',1296,968,18111,'http://localhost:5173/src/assets/detection/img/res_Harris_8a4edfe1-5676-4f88-be8e-240c2372d5bd_scene0755_00_frame-000120.jpg',91,'/Users/yonruizhang/MyUse/school/大四/毕业设计/代码/FeatureMatching/FeatureMatchingFrontend/src/assets/detection/img/res_Harris_8a4edfe1-5676-4f88-be8e-240c2372d5bd_scene0755_00_frame-000120.jpg','/Users/yonruizhang/MyUse/school/大四/毕业设计/代码/FeatureMatching/FeatureMatchingFrontend/src/assets/detection/kpts/res_Harris_8a4edfe1-5676-4f88-be8e-240c2372d5bd_scene0755_00_frame-000120.npy','2025-04-08 09:05:02','/Users/yonruizhang/MyUse/school/大四/毕业设计/代码/FeatureMatching/FeatureMatchingFrontend/src/assets/detection/8a4edfe1-5676-4f88-be8e-240c2372d5bd_scene0755_00_frame-000120.jpg','',''),('4435c8e8-5eba-43b6-bdeb-b9d2515fcd93','d0a3baa0-9322-4f64-91a2-db3e4c52361f','chess.png','http://localhost:5173/src/assets/detection/fe73644c-cdc1-4f6b-8178-04638b25e1ce_chess.png','Shi_Tomasi','{\"maxCorners\":1000,\"qualityLevel\":0.01,\"minDistance\":10}',826,744,9301,'http://localhost:5173/src/assets/detection/img/res_Shi_Tomasi_fe73644c-cdc1-4f6b-8178-04638b25e1ce_chess.png',290,'/Users/yonruizhang/MyUse/school/大四/毕业设计/代码/FeatureMatching/src/assets/detection/img/res_Shi_Tomasi_fe73644c-cdc1-4f6b-8178-04638b25e1ce_chess.png','/Users/yonruizhang/MyUse/school/大四/毕业设计/代码/FeatureMatching/src/assets/detection/kpts/res_Shi_Tomasi_fe73644c-cdc1-4f6b-8178-04638b25e1ce_chess.npy','2025-02-25 09:37:26','/Users/yonruizhang/MyUse/school/大四/毕业设计/代码/FeatureMatching/src/assets/detection/fe73644c-cdc1-4f6b-8178-04638b25e1ce_chess.png','',''),('4eb7e5d0-e6d1-4662-b102-e277327d6be5','d5556353-e081-4efa-b294-71f1f6cc079b','scene0755_00_frame-000120.jpg','http://localhost:5173/src/assets/detection/8a4edfe1-5676-4f88-be8e-240c2372d5bd_scene0755_00_frame-000120.jpg','SIFT','{}',1296,968,157174,'http://localhost:5173/src/assets/detection/img/res_SIFT_8a4edfe1-5676-4f88-be8e-240c2372d5bd_scene0755_00_frame-000120.jpg',298,'/Users/yonruizhang/MyUse/school/大四/毕业设计/代码/FeatureMatching/FeatureMatchingFrontend/src/assets/detection/img/res_SIFT_8a4edfe1-5676-4f88-be8e-240c2372d5bd_scene0755_00_frame-000120.jpg','/Users/yonruizhang/MyUse/school/大四/毕业设计/代码/FeatureMatching/FeatureMatchingFrontend/src/assets/detection/kpts/res_SIFT_8a4edfe1-5676-4f88-be8e-240c2372d5bd_scene0755_00_frame-000120.npy','2025-04-08 09:05:09','/Users/yonruizhang/MyUse/school/大四/毕业设计/代码/FeatureMatching/FeatureMatchingFrontend/src/assets/detection/8a4edfe1-5676-4f88-be8e-240c2372d5bd_scene0755_00_frame-000120.jpg','','/Users/yonruizhang/MyUse/school/大四/毕业设计/代码/FeatureMatching/FeatureMatchingFrontend/src/assets/detection/desc/res_SIFT_8a4edfe1-5676-4f88-be8e-240c2372d5bd_scene0755_00_frame-000120.npy'),('56b8bfb0-f57a-4356-ac79-1587e149b463','d0a3baa0-9322-4f64-91a2-db3e4c52361f','chess.png','http://localhost:5173/src/assets/detection/fe73644c-cdc1-4f6b-8178-04638b25e1ce_chess.png','SuperPoint','{}',826,744,94592,'http://localhost:5173/src/assets/detection/img/res_SuperPoint_fe73644c-cdc1-4f6b-8178-04638b25e1ce_chess.png',364,'/Users/yonruizhang/MyUse/school/大四/毕业设计/代码/FeatureMatching/src/assets/detection/img/res_SuperPoint_fe73644c-cdc1-4f6b-8178-04638b25e1ce_chess.png','/Users/yonruizhang/MyUse/school/大四/毕业设计/代码/FeatureMatching/src/assets/detection/kpts/res_SuperPoint_fe73644c-cdc1-4f6b-8178-04638b25e1ce_chess_kpts.npy','2025-02-25 09:37:35','/Users/yonruizhang/MyUse/school/大四/毕业设计/代码/FeatureMatching/src/assets/detection/fe73644c-cdc1-4f6b-8178-04638b25e1ce_chess.png','/Users/yonruizhang/MyUse/school/大四/毕业设计/代码/FeatureMatching/src/assets/detection/scores/res_SuperPoint_fe73644c-cdc1-4f6b-8178-04638b25e1ce_chess_scores.npy','/Users/yonruizhang/MyUse/school/大四/毕业设计/代码/FeatureMatching/src/assets/detection/descriptors/res_SuperPoint_fe73644c-cdc1-4f6b-8178-04638b25e1ce_chess_des.npy'),('65c5ab9b-e10c-4698-8e9e-61f324992f0b','d5556353-e081-4efa-b294-71f1f6cc079b','scene0738_00_frame-001065.jpg','http://localhost:5173/src/assets/detection/3df4d370-c3f0-4af4-946b-54c45298791f_scene0738_00_frame-001065.jpg','Shi_Tomasi','{\"maxCorners\":1000,\"qualityLevel\":0.01,\"minDistance\":10}',1296,968,23857,'http://localhost:5173/src/assets/detection/img/res_Shi_Tomasi_3df4d370-c3f0-4af4-946b-54c45298791f_scene0738_00_frame-001065.jpg',95,'/Users/yonruizhang/MyUse/school/大四/毕业设计/代码/FeatureMatching/FeatureMatchingFrontend/src/assets/detection/img/res_Shi_Tomasi_3df4d370-c3f0-4af4-946b-54c45298791f_scene0738_00_frame-001065.jpg','/Users/yonruizhang/MyUse/school/大四/毕业设计/代码/FeatureMatching/FeatureMatchingFrontend/src/assets/detection/kpts/res_Shi_Tomasi_3df4d370-c3f0-4af4-946b-54c45298791f_scene0738_00_frame-001065.npy','2025-04-08 09:04:48','/Users/yonruizhang/MyUse/school/大四/毕业设计/代码/FeatureMatching/FeatureMatchingFrontend/src/assets/detection/3df4d370-c3f0-4af4-946b-54c45298791f_scene0738_00_frame-001065.jpg','',''),('6632eb4b-d3d2-4584-a177-470230a63ed6','d5556353-e081-4efa-b294-71f1f6cc079b','chess.png','http://localhost:5173/src/assets/detection/5d218788-0bad-4152-bccd-e45b742871b7_chess.png','Harris','{\"blocksize\":2,\"ksize\":3,\"k\":0.02}',826,744,13661,'http://localhost:5173/src/assets/detection/img/res_Harris_5d218788-0bad-4152-bccd-e45b742871b7_chess.png',2964,'/Users/yonruizhang/MyUse/school/大四/毕业设计/代码/FeatureMatching/src/assets/detection/img/res_Harris_5d218788-0bad-4152-bccd-e45b742871b7_chess.png','/Users/yonruizhang/MyUse/school/大四/毕业设计/代码/FeatureMatching/src/assets/detection/kpts/res_Harris_5d218788-0bad-4152-bccd-e45b742871b7_chess.npy','2025-02-24 21:55:56','/Users/yonruizhang/MyUse/school/大四/毕业设计/代码/FeatureMatching/src/assets/detection/5d218788-0bad-4152-bccd-e45b742871b7_chess.png','',''),('685eba09-9b29-4f9f-9194-64962aec5fc5','d5556353-e081-4efa-b294-71f1f6cc079b','scene0738_00_frame-001065.jpg','http://localhost:5173/src/assets/detection/3df4d370-c3f0-4af4-946b-54c45298791f_scene0738_00_frame-001065.jpg','ORB','{}',1296,968,15309,'http://localhost:5173/src/assets/detection/img/res_ORB_3df4d370-c3f0-4af4-946b-54c45298791f_scene0738_00_frame-001065.jpg',300,'/Users/yonruizhang/MyUse/school/大四/毕业设计/代码/FeatureMatching/FeatureMatchingFrontend/src/assets/detection/img/res_ORB_3df4d370-c3f0-4af4-946b-54c45298791f_scene0738_00_frame-001065.jpg','/Users/yonruizhang/MyUse/school/大四/毕业设计/代码/FeatureMatching/FeatureMatchingFrontend/src/assets/detection/kpts/res_ORB_3df4d370-c3f0-4af4-946b-54c45298791f_scene0738_00_frame-001065.npy','2025-04-08 09:04:46','/Users/yonruizhang/MyUse/school/大四/毕业设计/代码/FeatureMatching/FeatureMatchingFrontend/src/assets/detection/3df4d370-c3f0-4af4-946b-54c45298791f_scene0738_00_frame-001065.jpg','','/Users/yonruizhang/MyUse/school/大四/毕业设计/代码/FeatureMatching/FeatureMatchingFrontend/src/assets/detection/desc/res_ORB_3df4d370-c3f0-4af4-946b-54c45298791f_scene0738_00_frame-001065.npy'),('6ac1376d-ceff-4f52-9ca7-d2287b9db033','d5556353-e081-4efa-b294-71f1f6cc079b','chess.png','http://localhost:5173/src/assets/detection/5d218788-0bad-4152-bccd-e45b742871b7_chess.png','ORB','{}',826,744,7929,'http://localhost:5173/src/assets/detection/img/res_ORB_5d218788-0bad-4152-bccd-e45b742871b7_chess.png',500,'/Users/yonruizhang/MyUse/school/大四/毕业设计/代码/FeatureMatching/src/assets/detection/img/res_ORB_5d218788-0bad-4152-bccd-e45b742871b7_chess.png','/Users/yonruizhang/MyUse/school/大四/毕业设计/代码/FeatureMatching/src/assets/detection/kpts/res_ORB_5d218788-0bad-4152-bccd-e45b742871b7_chess.npy','2025-02-24 21:56:07','/Users/yonruizhang/MyUse/school/大四/毕业设计/代码/FeatureMatching/src/assets/detection/5d218788-0bad-4152-bccd-e45b742871b7_chess.png','',''),('6fbbb825-6802-4235-80f6-6ca0f2222f3a','d5556353-e081-4efa-b294-71f1f6cc079b','scene0737_00_frame-000930.jpg','http://localhost:5173/src/assets/detection/d127cae1-2c9a-48e7-9131-138923c1a327_scene0737_00_frame-000930.jpg','SuperPoint','{}',1296,968,96685,'http://localhost:5173/src/assets/detection/img/res_SuperPoint_d127cae1-2c9a-48e7-9131-138923c1a327_scene0737_00_frame-000930.jpg',105,'/Users/yonruizhang/MyUse/school/大四/毕业设计/代码/FeatureMatching/FeatureMatchingFrontend/src/assets/detection/img/res_SuperPoint_d127cae1-2c9a-48e7-9131-138923c1a327_scene0737_00_frame-000930.jpg','/Users/yonruizhang/MyUse/school/大四/毕业设计/代码/FeatureMatching/FeatureMatchingFrontend/src/assets/detection/kpts/res_SuperPoint_d127cae1-2c9a-48e7-9131-138923c1a327_scene0737_00_frame-000930.npy','2025-04-08 09:04:01','/Users/yonruizhang/MyUse/school/大四/毕业设计/代码/FeatureMatching/FeatureMatchingFrontend/src/assets/detection/d127cae1-2c9a-48e7-9131-138923c1a327_scene0737_00_frame-000930.jpg','/Users/yonruizhang/MyUse/school/大四/毕业设计/代码/FeatureMatching/FeatureMatchingFrontend/src/assets/detection/scores/res_SuperPoint_d127cae1-2c9a-48e7-9131-138923c1a327_scene0737_00_frame-000930.npy','/Users/yonruizhang/MyUse/school/大四/毕业设计/代码/FeatureMatching/FeatureMatchingFrontend/src/assets/detection/desc/res_SuperPoint_d127cae1-2c9a-48e7-9131-138923c1a327_scene0737_00_frame-000930.npy'),('79329ef9-a138-4777-a2df-87b006f41f9e','d5556353-e081-4efa-b294-71f1f6cc079b','london_bridge_19481797_2295892421.jpg','http://localhost:5173/src/assets/detection/4f97c4c0-82c3-4269-9516-b1e12e279feb_london_bridge_19481797_2295892421.jpg','SuperPoint','{}',791,1087,208861,'http://localhost:5173/src/assets/detection/img/res_SuperPoint_4f97c4c0-82c3-4269-9516-b1e12e279feb_london_bridge_19481797_2295892421.jpg',619,'/Users/yonruizhang/MyUse/school/大四/毕业设计/代码/FeatureMatching/src/assets/detection/img/res_SuperPoint_4f97c4c0-82c3-4269-9516-b1e12e279feb_london_bridge_19481797_2295892421.jpg','/Users/yonruizhang/MyUse/school/大四/毕业设计/代码/FeatureMatching/src/assets/detection/kpts/res_SuperPoint_4f97c4c0-82c3-4269-9516-b1e12e279feb_london_bridge_19481797_2295892421_kpts.npy','2025-03-09 10:19:08','/Users/yonruizhang/MyUse/school/大四/毕业设计/代码/FeatureMatching/src/assets/detection/4f97c4c0-82c3-4269-9516-b1e12e279feb_london_bridge_19481797_2295892421.jpg','/Users/yonruizhang/MyUse/school/大四/毕业设计/代码/FeatureMatching/src/assets/detection/scores/res_SuperPoint_4f97c4c0-82c3-4269-9516-b1e12e279feb_london_bridge_19481797_2295892421_scores.npy','/Users/yonruizhang/MyUse/school/大四/毕业设计/代码/FeatureMatching/src/assets/detection/descriptors/res_SuperPoint_4f97c4c0-82c3-4269-9516-b1e12e279feb_london_bridge_19481797_2295892421_des.npy'),('7ca60628-c336-4855-96b5-470d60d5872a','d5556353-e081-4efa-b294-71f1f6cc079b','scene0738_00_frame-000885.jpg','http://localhost:5173/src/assets/detection/9c146b10-32e5-48fb-82e5-64ad21f1a788_scene0738_00_frame-000885.jpg','SuperPoint','{}',1296,968,935033,'http://localhost:5173/src/assets/detection/img/res_SuperPoint_9c146b10-32e5-48fb-82e5-64ad21f1a788_scene0738_00_frame-000885.jpg',366,'/Users/yonruizhang/MyUse/school/大四/毕业设计/代码/FeatureMatching/FeatureMatchingFrontend/src/assets/detection/img/res_SuperPoint_9c146b10-32e5-48fb-82e5-64ad21f1a788_scene0738_00_frame-000885.jpg','/Users/yonruizhang/MyUse/school/大四/毕业设计/代码/FeatureMatching/FeatureMatchingFrontend/src/assets/detection/kpts/res_SuperPoint_9c146b10-32e5-48fb-82e5-64ad21f1a788_scene0738_00_frame-000885.npy','2025-04-08 09:04:29','/Users/yonruizhang/MyUse/school/大四/毕业设计/代码/FeatureMatching/FeatureMatchingFrontend/src/assets/detection/9c146b10-32e5-48fb-82e5-64ad21f1a788_scene0738_00_frame-000885.jpg','/Users/yonruizhang/MyUse/school/大四/毕业设计/代码/FeatureMatching/FeatureMatchingFrontend/src/assets/detection/scores/res_SuperPoint_9c146b10-32e5-48fb-82e5-64ad21f1a788_scene0738_00_frame-000885.npy','/Users/yonruizhang/MyUse/school/大四/毕业设计/代码/FeatureMatching/FeatureMatchingFrontend/src/assets/detection/desc/res_SuperPoint_9c146b10-32e5-48fb-82e5-64ad21f1a788_scene0738_00_frame-000885.npy'),('7ca84741-fa50-4773-ab9b-a6be0e1f8c2f','d5556353-e081-4efa-b294-71f1f6cc079b','scene0755_00_frame-000120.jpg','http://localhost:5173/src/assets/detection/8a4edfe1-5676-4f88-be8e-240c2372d5bd_scene0755_00_frame-000120.jpg','ORB','{}',1296,968,15561,'http://localhost:5173/src/assets/detection/img/res_ORB_8a4edfe1-5676-4f88-be8e-240c2372d5bd_scene0755_00_frame-000120.jpg',255,'/Users/yonruizhang/MyUse/school/大四/毕业设计/代码/FeatureMatching/FeatureMatchingFrontend/src/assets/detection/img/res_ORB_8a4edfe1-5676-4f88-be8e-240c2372d5bd_scene0755_00_frame-000120.jpg','/Users/yonruizhang/MyUse/school/大四/毕业设计/代码/FeatureMatching/FeatureMatchingFrontend/src/assets/detection/kpts/res_ORB_8a4edfe1-5676-4f88-be8e-240c2372d5bd_scene0755_00_frame-000120.npy','2025-04-08 09:05:08','/Users/yonruizhang/MyUse/school/大四/毕业设计/代码/FeatureMatching/FeatureMatchingFrontend/src/assets/detection/8a4edfe1-5676-4f88-be8e-240c2372d5bd_scene0755_00_frame-000120.jpg','','/Users/yonruizhang/MyUse/school/大四/毕业设计/代码/FeatureMatching/FeatureMatchingFrontend/src/assets/detection/desc/res_ORB_8a4edfe1-5676-4f88-be8e-240c2372d5bd_scene0755_00_frame-000120.npy'),('be78323a-ceb6-4096-bbe9-75ab1eb817d6','d5556353-e081-4efa-b294-71f1f6cc079b','scene0738_00_frame-001065.jpg','http://localhost:5173/src/assets/detection/3df4d370-c3f0-4af4-946b-54c45298791f_scene0738_00_frame-001065.jpg','SuperPoint','{}',1296,968,937917,'http://localhost:5173/src/assets/detection/img/res_SuperPoint_3df4d370-c3f0-4af4-946b-54c45298791f_scene0738_00_frame-001065.jpg',338,'/Users/yonruizhang/MyUse/school/大四/毕业设计/代码/FeatureMatching/FeatureMatchingFrontend/src/assets/detection/img/res_SuperPoint_3df4d370-c3f0-4af4-946b-54c45298791f_scene0738_00_frame-001065.jpg','/Users/yonruizhang/MyUse/school/大四/毕业设计/代码/FeatureMatching/FeatureMatchingFrontend/src/assets/detection/kpts/res_SuperPoint_3df4d370-c3f0-4af4-946b-54c45298791f_scene0738_00_frame-001065.npy','2025-04-08 09:04:44','/Users/yonruizhang/MyUse/school/大四/毕业设计/代码/FeatureMatching/FeatureMatchingFrontend/src/assets/detection/3df4d370-c3f0-4af4-946b-54c45298791f_scene0738_00_frame-001065.jpg','/Users/yonruizhang/MyUse/school/大四/毕业设计/代码/FeatureMatching/FeatureMatchingFrontend/src/assets/detection/scores/res_SuperPoint_3df4d370-c3f0-4af4-946b-54c45298791f_scene0738_00_frame-001065.npy','/Users/yonruizhang/MyUse/school/大四/毕业设计/代码/FeatureMatching/FeatureMatchingFrontend/src/assets/detection/desc/res_SuperPoint_3df4d370-c3f0-4af4-946b-54c45298791f_scene0738_00_frame-001065.npy'),('d200a1a5-5073-4198-8313-b0dccf205dfc','d5556353-e081-4efa-b294-71f1f6cc079b','scene0755_00_frame-000120.jpg','http://localhost:5173/src/assets/detection/8a4edfe1-5676-4f88-be8e-240c2372d5bd_scene0755_00_frame-000120.jpg','SuperPoint','{}',1296,968,989503,'http://localhost:5173/src/assets/detection/img/res_SuperPoint_8a4edfe1-5676-4f88-be8e-240c2372d5bd_scene0755_00_frame-000120.jpg',248,'/Users/yonruizhang/MyUse/school/大四/毕业设计/代码/FeatureMatching/FeatureMatchingFrontend/src/assets/detection/img/res_SuperPoint_8a4edfe1-5676-4f88-be8e-240c2372d5bd_scene0755_00_frame-000120.jpg','/Users/yonruizhang/MyUse/school/大四/毕业设计/代码/FeatureMatching/FeatureMatchingFrontend/src/assets/detection/kpts/res_SuperPoint_8a4edfe1-5676-4f88-be8e-240c2372d5bd_scene0755_00_frame-000120.npy','2025-04-08 09:05:13','/Users/yonruizhang/MyUse/school/大四/毕业设计/代码/FeatureMatching/FeatureMatchingFrontend/src/assets/detection/8a4edfe1-5676-4f88-be8e-240c2372d5bd_scene0755_00_frame-000120.jpg','/Users/yonruizhang/MyUse/school/大四/毕业设计/代码/FeatureMatching/FeatureMatchingFrontend/src/assets/detection/scores/res_SuperPoint_8a4edfe1-5676-4f88-be8e-240c2372d5bd_scene0755_00_frame-000120.npy','/Users/yonruizhang/MyUse/school/大四/毕业设计/代码/FeatureMatching/FeatureMatchingFrontend/src/assets/detection/desc/res_SuperPoint_8a4edfe1-5676-4f88-be8e-240c2372d5bd_scene0755_00_frame-000120.npy'),('d49d3ccd-4bbc-4b6c-8a02-5c9ac9dc528a','d5556353-e081-4efa-b294-71f1f6cc079b','chess.png','http://localhost:5173/src/assets/detection/5d218788-0bad-4152-bccd-e45b742871b7_chess.png','SuperPoint','{}',826,744,65853,'http://localhost:5173/src/assets/detection/img/res_SuperPoint_5d218788-0bad-4152-bccd-e45b742871b7_chess.png',364,'/Users/yonruizhang/MyUse/school/大四/毕业设计/代码/FeatureMatching/src/assets/detection/img/res_SuperPoint_5d218788-0bad-4152-bccd-e45b742871b7_chess.png','/Users/yonruizhang/MyUse/school/大四/毕业设计/代码/FeatureMatching/src/assets/detection/kpts/res_SuperPoint_5d218788-0bad-4152-bccd-e45b742871b7_chess_kpts.npy','2025-02-24 21:56:16','/Users/yonruizhang/MyUse/school/大四/毕业设计/代码/FeatureMatching/src/assets/detection/5d218788-0bad-4152-bccd-e45b742871b7_chess.png','/Users/yonruizhang/MyUse/school/大四/毕业设计/代码/FeatureMatching/src/assets/detection/scores/res_SuperPoint_5d218788-0bad-4152-bccd-e45b742871b7_chess_scores.npy','/Users/yonruizhang/MyUse/school/大四/毕业设计/代码/FeatureMatching/src/assets/detection/descriptors/res_SuperPoint_5d218788-0bad-4152-bccd-e45b742871b7_chess_des.npy'),('db2fc857-9046-4b3e-9678-12a7a0e6cd15','d0a3baa0-9322-4f64-91a2-db3e4c52361f','chess.png','http://localhost:5173/src/assets/detection/fe73644c-cdc1-4f6b-8178-04638b25e1ce_chess.png','Harris','{\"blocksize\":2,\"ksize\":3,\"k\":\"0.04\"}',826,744,14730,'http://localhost:5173/src/assets/detection/img/res_Harris_fe73644c-cdc1-4f6b-8178-04638b25e1ce_chess.png',1991,'/Users/yonruizhang/MyUse/school/大四/毕业设计/代码/FeatureMatching/src/assets/detection/img/res_Harris_fe73644c-cdc1-4f6b-8178-04638b25e1ce_chess.png','/Users/yonruizhang/MyUse/school/大四/毕业设计/代码/FeatureMatching/src/assets/detection/kpts/res_Harris_fe73644c-cdc1-4f6b-8178-04638b25e1ce_chess.npy','2025-02-25 09:37:30','/Users/yonruizhang/MyUse/school/大四/毕业设计/代码/FeatureMatching/src/assets/detection/fe73644c-cdc1-4f6b-8178-04638b25e1ce_chess.png','',''),('e7a20591-1d79-4413-8ff0-c67e20fd5cb8','d5556353-e081-4efa-b294-71f1f6cc079b','img105_left.png','http://localhost:5173/src/assets/detection/9a2d8371-7373-45ef-995c-990197823287_img105_left.png','SuperPoint','{}',2196,1880,26120,'http://localhost:5173/src/assets/detection/img/res_SuperPoint_9a2d8371-7373-45ef-995c-990197823287_img105_left.png',1115,'/Users/yonruizhang/MyUse/school/大四/毕业设计/代码/FeatureMatching/FeatureMatchingFrontend/src/assets/detection/img/res_SuperPoint_9a2d8371-7373-45ef-995c-990197823287_img105_left.png','/Users/yonruizhang/MyUse/school/大四/毕业设计/代码/FeatureMatching/FeatureMatchingFrontend/src/assets/detection/kpts/res_SuperPoint_9a2d8371-7373-45ef-995c-990197823287_img105_left.npy','2025-04-07 10:49:49','/Users/yonruizhang/MyUse/school/大四/毕业设计/代码/FeatureMatching/FeatureMatchingFrontend/src/assets/detection/9a2d8371-7373-45ef-995c-990197823287_img105_left.png','/Users/yonruizhang/MyUse/school/大四/毕业设计/代码/FeatureMatching/FeatureMatchingFrontend/src/assets/detection/scores/res_SuperPoint_9a2d8371-7373-45ef-995c-990197823287_img105_left.npy','/Users/yonruizhang/MyUse/school/大四/毕业设计/代码/FeatureMatching/FeatureMatchingFrontend/src/assets/detection/desc/res_SuperPoint_9a2d8371-7373-45ef-995c-990197823287_img105_left.npy'),('f4ab2cbc-cd6e-408c-9e09-27031052a1cb','d5556353-e081-4efa-b294-71f1f6cc079b','scene0738_00_frame-000885.jpg','http://localhost:5173/src/assets/detection/9c146b10-32e5-48fb-82e5-64ad21f1a788_scene0738_00_frame-000885.jpg','Shi_Tomasi','{\"maxCorners\":1000,\"qualityLevel\":0.01,\"minDistance\":10}',1296,968,22111,'http://localhost:5173/src/assets/detection/img/res_Shi_Tomasi_9c146b10-32e5-48fb-82e5-64ad21f1a788_scene0738_00_frame-000885.jpg',646,'/Users/yonruizhang/MyUse/school/大四/毕业设计/代码/FeatureMatching/FeatureMatchingFrontend/src/assets/detection/img/res_Shi_Tomasi_9c146b10-32e5-48fb-82e5-64ad21f1a788_scene0738_00_frame-000885.jpg','/Users/yonruizhang/MyUse/school/大四/毕业设计/代码/FeatureMatching/FeatureMatchingFrontend/src/assets/detection/kpts/res_Shi_Tomasi_9c146b10-32e5-48fb-82e5-64ad21f1a788_scene0738_00_frame-000885.npy','2025-04-08 09:04:34','/Users/yonruizhang/MyUse/school/大四/毕业设计/代码/FeatureMatching/FeatureMatchingFrontend/src/assets/detection/9c146b10-32e5-48fb-82e5-64ad21f1a788_scene0738_00_frame-000885.jpg','',''),('f552c8ef-e68d-40e7-853a-50f2b19b19b7','d5556353-e081-4efa-b294-71f1f6cc079b','chess.png','http://localhost:5173/src/assets/detection/5d218788-0bad-4152-bccd-e45b742871b7_chess.png','Shi_Tomasi','{\"maxCorners\":1000,\"qualityLevel\":0.01,\"minDistance\":10}',826,744,11025,'http://localhost:5173/src/assets/detection/img/res_Shi_Tomasi_5d218788-0bad-4152-bccd-e45b742871b7_chess.png',290,'/Users/yonruizhang/MyUse/school/大四/毕业设计/代码/FeatureMatching/src/assets/detection/img/res_Shi_Tomasi_5d218788-0bad-4152-bccd-e45b742871b7_chess.png','/Users/yonruizhang/MyUse/school/大四/毕业设计/代码/FeatureMatching/src/assets/detection/kpts/res_Shi_Tomasi_5d218788-0bad-4152-bccd-e45b742871b7_chess.npy','2025-02-24 21:56:03','/Users/yonruizhang/MyUse/school/大四/毕业设计/代码/FeatureMatching/src/assets/detection/5d218788-0bad-4152-bccd-e45b742871b7_chess.png','',''),('ff83ae6f-b3fa-495d-b1f0-ec9a5a63b6d3','d5556353-e081-4efa-b294-71f1f6cc079b','scene0738_00_frame-001065.jpg','http://localhost:5173/src/assets/detection/3df4d370-c3f0-4af4-946b-54c45298791f_scene0738_00_frame-001065.jpg','Harris','{\"blocksize\":2,\"ksize\":3,\"k\":0.02}',1296,968,24525,'http://localhost:5173/src/assets/detection/img/res_Harris_3df4d370-c3f0-4af4-946b-54c45298791f_scene0738_00_frame-001065.jpg',47,'/Users/yonruizhang/MyUse/school/大四/毕业设计/代码/FeatureMatching/FeatureMatchingFrontend/src/assets/detection/img/res_Harris_3df4d370-c3f0-4af4-946b-54c45298791f_scene0738_00_frame-001065.jpg','/Users/yonruizhang/MyUse/school/大四/毕业设计/代码/FeatureMatching/FeatureMatchingFrontend/src/assets/detection/kpts/res_Harris_3df4d370-c3f0-4af4-946b-54c45298791f_scene0738_00_frame-001065.npy','2025-04-08 09:04:51','/Users/yonruizhang/MyUse/school/大四/毕业设计/代码/FeatureMatching/FeatureMatchingFrontend/src/assets/detection/3df4d370-c3f0-4af4-946b-54c45298791f_scene0738_00_frame-001065.jpg','','');
/*!40000 ALTER TABLE `t_detection` ENABLE KEYS */;
UNLOCK TABLES;

--
-- Table structure for table `t_matching`
--

DROP TABLE IF EXISTS `t_matching`;
/*!40101 SET @saved_cs_client     = @@character_set_client */;
/*!50503 SET character_set_client = utf8mb4 */;
CREATE TABLE `t_matching` (
  `id` varchar(128) NOT NULL,
  `user_id` varchar(128) NOT NULL,
  `record_date` datetime NOT NULL COMMENT '产生记录的时间',
  `data_id` varchar(128) NOT NULL,
  `origin_type` varchar(64) NOT NULL COMMENT '数据源类型',
  `algorithm_type` varchar(64) NOT NULL COMMENT '使用算法类型',
  `algorithm` varchar(64) NOT NULL COMMENT '使用算法',
  `config` varchar(256) NOT NULL COMMENT '参数',
  `elapsed_time` float NOT NULL COMMENT '耗时',
  `save_path` varchar(256) NOT NULL COMMENT '可视化结果路径，用于下载',
  `save_path_url` varchar(256) NOT NULL COMMENT '可视化结果url，用于预览',
  `save_matches_path` varchar(256) NOT NULL COMMENT '结果matches路径，用于下载',
  `save_poses_path` varchar(256) DEFAULT NULL COMMENT '结果poses路径，用于下载',
  PRIMARY KEY (`id`),
  KEY `data_id` (`data_id`),
  KEY `user_id` (`user_id`),
  CONSTRAINT `t_matching_ibfk_1` FOREIGN KEY (`data_id`) REFERENCES `t_upload_data` (`id`),
  CONSTRAINT `t_matching_ibfk_2` FOREIGN KEY (`user_id`) REFERENCES `t_user` (`id`)
) ENGINE=InnoDB DEFAULT CHARSET=utf8mb4 COLLATE=utf8mb4_0900_ai_ci;
/*!40101 SET character_set_client = @saved_cs_client */;

--
-- Dumping data for table `t_matching`
--

LOCK TABLES `t_matching` WRITE;
/*!40000 ALTER TABLE `t_matching` DISABLE KEYS */;
INSERT INTO `t_matching` VALUES ('034612ca-d034-438c-a93a-8084f180779e','d5556353-e081-4efa-b294-71f1f6cc079b','2025-04-07 10:52:00','7904c6b9-a2ad-4260-8e36-b9d9fcef5a8a','两张图片','稀疏','SuperGlue_SuperPoint','{\"scene\":\"室内\",\"fix\":\"首张作为基准\",\"skip\":1,\"fps\":1}',986776,'/Users/yonruizhang/MyUse/school/大四/毕业设计/代码/FeatureMatching/FeatureMatchingFrontend/src/assets/matching/pair/302aa14d-7aad-4ebe-a1de-a96a470e95a7/res/SuperGlue_SuperPoint_indoor_viz.png','http://localhost:5173/src/assets/matching/pair/302aa14d-7aad-4ebe-a1de-a96a470e95a7/res/SuperGlue_SuperPoint_indoor_viz.png','/Users/yonruizhang/MyUse/school/大四/毕业设计/代码/FeatureMatching/FeatureMatchingFrontend/src/assets/matching/pair/302aa14d-7aad-4ebe-a1de-a96a470e95a7/res/SuperGlue_SuperPoint_indoor_matches.npz','/Users/yonruizhang/MyUse/school/大四/毕业设计/代码/FeatureMatching/FeatureMatchingFrontend/src/assets/matching/pair/302aa14d-7aad-4ebe-a1de-a96a470e95a7/res/SuperGlue_SuperPoint_indoor_pose.npz'),('1c963b66-8a9f-4e67-a33d-4329d3885d41','d5556353-e081-4efa-b294-71f1f6cc079b','2025-04-02 11:09:37','4a8070a2-23f3-4215-aaa8-c44c1bcd7574','多张图片','半稀疏','LoFTR','{\"scene\":\"室外\",\"fix\":\"首张作为基准\",\"skip\":1,\"fps\":1}',953826,'/Users/yonruizhang/MyUse/school/大四/毕业设计/代码/FeatureMatching/FeatureMatchingFrontend/src/assets/matching/images/3c79a15b-173a-41d8-9806-4ee8b6016530/res/LoFTR_outdoor_viz.mp4','http://localhost:5173/src/assets/matching/images/3c79a15b-173a-41d8-9806-4ee8b6016530/res/LoFTR_outdoor_viz.mp4','/Users/yonruizhang/MyUse/school/大四/毕业设计/代码/FeatureMatching/FeatureMatchingFrontend/src/assets/matching/images/3c79a15b-173a-41d8-9806-4ee8b6016530/res/LoFTR_outdoor_matches.npz','/Users/yonruizhang/MyUse/school/大四/毕业设计/代码/FeatureMatching/FeatureMatchingFrontend/src/assets/matching/images/3c79a15b-173a-41d8-9806-4ee8b6016530/res/LoFTR_outdoor_pose.npz'),('2064f5a8-fb2b-4673-9e2d-8196270896b8','d5556353-e081-4efa-b294-71f1f6cc079b','2025-04-08 18:43:29','491a97a6-c58b-49b0-bfa7-3892bcf1d82f','两张图片','稀疏','BF_SIFT','{\"scene\":\"室内\",\"fix\":\"首张作为基准\",\"skip\":1,\"fps\":1}',277467,'/Users/yonruizhang/MyUse/school/大四/毕业设计/代码/FeatureMatching/FeatureMatchingFrontend/src/assets/matching/pair/aa0de948-5ab5-4da9-bb4c-bba63405d27b/res/BF_SIFT_viz.png','http://localhost:5173/src/assets/matching/pair/aa0de948-5ab5-4da9-bb4c-bba63405d27b/res/BF_SIFT_viz.png','/Users/yonruizhang/MyUse/school/大四/毕业设计/代码/FeatureMatching/FeatureMatchingFrontend/src/assets/matching/pair/aa0de948-5ab5-4da9-bb4c-bba63405d27b/res/BF_SIFT_matches.npz','/Users/yonruizhang/MyUse/school/大四/毕业设计/代码/FeatureMatching/FeatureMatchingFrontend/src/assets/matching/pair/aa0de948-5ab5-4da9-bb4c-bba63405d27b/res/BF_SIFT_pose.npz'),('3074f1e9-8fb3-4be5-84f6-b1242f5482a1','d5556353-e081-4efa-b294-71f1f6cc079b','2025-04-02 11:08:49','06f37752-abd7-42ca-a07a-da51b8ae4dac','两张图片','稀疏','FLANN_SIFT','{\"scene\":\"室内\",\"fix\":\"首张作为基准\",\"skip\":1,\"fps\":1}',360608,'/Users/yonruizhang/MyUse/school/大四/毕业设计/代码/FeatureMatching/FeatureMatchingFrontend/src/assets/matching/pair/f052813f-3b3d-41d2-bf11-d5dcf72fefb7/res/FLANN_SIFT_viz.png','http://localhost:5173/src/assets/matching/pair/f052813f-3b3d-41d2-bf11-d5dcf72fefb7/res/FLANN_SIFT_viz.png','/Users/yonruizhang/MyUse/school/大四/毕业设计/代码/FeatureMatching/FeatureMatchingFrontend/src/assets/matching/pair/f052813f-3b3d-41d2-bf11-d5dcf72fefb7/res/FLANN_SIFT_matches.npz','/Users/yonruizhang/MyUse/school/大四/毕业设计/代码/FeatureMatching/FeatureMatchingFrontend/src/assets/matching/pair/f052813f-3b3d-41d2-bf11-d5dcf72fefb7/res/FLANN_SIFT_pose.npz'),('35190f1f-4f4c-4d47-8b5a-c6a73cbbac9f','d5556353-e081-4efa-b294-71f1f6cc079b','2025-04-08 09:08:47','10b141af-ca8a-4d35-b6a7-82fac7852ed1','多张图片','半稀疏','ASpanFormer','{\"scene\":\"室内\",\"fix\":\"首张作为基准\",\"skip\":1,\"fps\":1}',647316,'/Users/yonruizhang/MyUse/school/大四/毕业设计/代码/FeatureMatching/FeatureMatchingFrontend/src/assets/matching/images/47f8f9a4-889e-4b10-b796-8739a2f9de80/res/ASpanFormer_indoor_viz.mp4','http://localhost:5173/src/assets/matching/images/47f8f9a4-889e-4b10-b796-8739a2f9de80/res/ASpanFormer_indoor_viz.mp4','/Users/yonruizhang/MyUse/school/大四/毕业设计/代码/FeatureMatching/FeatureMatchingFrontend/src/assets/matching/images/47f8f9a4-889e-4b10-b796-8739a2f9de80/res/ASpanFormer_indoor_matches.npz','/Users/yonruizhang/MyUse/school/大四/毕业设计/代码/FeatureMatching/FeatureMatchingFrontend/src/assets/matching/images/47f8f9a4-889e-4b10-b796-8739a2f9de80/res/ASpanFormer_indoor_pose.npz'),('3b12df3c-2a22-4f5f-a7a7-0b620301926a','d5556353-e081-4efa-b294-71f1f6cc079b','2025-04-08 18:41:10','26c17b51-0b1e-4dfe-8b47-a634e5d11110','两张图片','稠密','DKM','{\"scene\":\"室内\",\"fix\":\"首张作为基准\",\"skip\":1,\"fps\":1}',383905,'/Users/yonruizhang/MyUse/school/大四/毕业设计/代码/FeatureMatching/FeatureMatchingFrontend/src/assets/matching/pair/5d3ce9d1-5f5d-42e4-ae0f-bd6466ecd6a5/res/DKM_室内_viz.png','http://localhost:5173/src/assets/matching/pair/5d3ce9d1-5f5d-42e4-ae0f-bd6466ecd6a5/res/DKM_室内_viz.png','/Users/yonruizhang/MyUse/school/大四/毕业设计/代码/FeatureMatching/FeatureMatchingFrontend/src/assets/matching/pair/5d3ce9d1-5f5d-42e4-ae0f-bd6466ecd6a5/res/DKM_室内_matches.npz','/Users/yonruizhang/MyUse/school/大四/毕业设计/代码/FeatureMatching/FeatureMatchingFrontend/src/assets/matching/pair/5d3ce9d1-5f5d-42e4-ae0f-bd6466ecd6a5/res/DKM_室内_pose.npz'),('4dde5f0f-23fa-4a1a-a447-d2bcbd0a16e5','d5556353-e081-4efa-b294-71f1f6cc079b','2025-04-08 18:40:53','2ee7112d-a5a7-489f-9c93-62b2abbbf330','两张图片','半稀疏','ASpanFormer','{\"scene\":\"室内\",\"fix\":\"首张作为基准\",\"skip\":1,\"fps\":1}',283235,'/Users/yonruizhang/MyUse/school/大四/毕业设计/代码/FeatureMatching/FeatureMatchingFrontend/src/assets/matching/pair/5d3ce9d1-5f5d-42e4-ae0f-bd6466ecd6a5/res/ASpanFormer_indoor_viz.png','http://localhost:5173/src/assets/matching/pair/5d3ce9d1-5f5d-42e4-ae0f-bd6466ecd6a5/res/ASpanFormer_indoor_viz.png','/Users/yonruizhang/MyUse/school/大四/毕业设计/代码/FeatureMatching/FeatureMatchingFrontend/src/assets/matching/pair/5d3ce9d1-5f5d-42e4-ae0f-bd6466ecd6a5/res/ASpanFormer_indoor_matches.npz','/Users/yonruizhang/MyUse/school/大四/毕业设计/代码/FeatureMatching/FeatureMatchingFrontend/src/assets/matching/pair/5d3ce9d1-5f5d-42e4-ae0f-bd6466ecd6a5/res/ASpanFormer_indoor_pose.npz'),('4de02687-1f93-43bc-a902-007b6c793c45','d5556353-e081-4efa-b294-71f1f6cc079b','2025-04-08 18:41:43','9bd63c31-fadd-445c-8f24-8349c045294a','两张图片','稠密','DKM','{\"scene\":\"室内\",\"fix\":\"首张作为基准\",\"skip\":1,\"fps\":1}',998412,'/Users/yonruizhang/MyUse/school/大四/毕业设计/代码/FeatureMatching/FeatureMatchingFrontend/src/assets/matching/pair/5d3ce9d1-5f5d-42e4-ae0f-bd6466ecd6a5/res/DKM_室内_viz.png','http://localhost:5173/src/assets/matching/pair/5d3ce9d1-5f5d-42e4-ae0f-bd6466ecd6a5/res/DKM_室内_viz.png','/Users/yonruizhang/MyUse/school/大四/毕业设计/代码/FeatureMatching/FeatureMatchingFrontend/src/assets/matching/pair/5d3ce9d1-5f5d-42e4-ae0f-bd6466ecd6a5/res/DKM_室内_matches.npz','/Users/yonruizhang/MyUse/school/大四/毕业设计/代码/FeatureMatching/FeatureMatchingFrontend/src/assets/matching/pair/5d3ce9d1-5f5d-42e4-ae0f-bd6466ecd6a5/res/DKM_室内_pose.npz'),('5afafb84-ea42-4cc2-afe5-7f9f6ae61e6c','d5556353-e081-4efa-b294-71f1f6cc079b','2025-04-08 09:07:29','5a4e62c5-94d0-48ac-b70d-ea14d5d4f9f3','多张图片','半稀疏','LoFTR','{\"scene\":\"室内\",\"fix\":\"首张作为基准\",\"skip\":1,\"fps\":1}',239336,'/Users/yonruizhang/MyUse/school/大四/毕业设计/代码/FeatureMatching/FeatureMatchingFrontend/src/assets/matching/images/47f8f9a4-889e-4b10-b796-8739a2f9de80/res/LoFTR_indoor_viz.mp4','http://localhost:5173/src/assets/matching/images/47f8f9a4-889e-4b10-b796-8739a2f9de80/res/LoFTR_indoor_viz.mp4','/Users/yonruizhang/MyUse/school/大四/毕业设计/代码/FeatureMatching/FeatureMatchingFrontend/src/assets/matching/images/47f8f9a4-889e-4b10-b796-8739a2f9de80/res/LoFTR_indoor_matches.npz','/Users/yonruizhang/MyUse/school/大四/毕业设计/代码/FeatureMatching/FeatureMatchingFrontend/src/assets/matching/images/47f8f9a4-889e-4b10-b796-8739a2f9de80/res/LoFTR_indoor_pose.npz'),('63ace813-0873-4c10-b889-85926cfce583','d5556353-e081-4efa-b294-71f1f6cc079b','2025-04-08 18:40:43','504bb79c-39f5-4617-8d49-18bbd815641d','两张图片','半稀疏','LoFTR','{\"scene\":\"室内\",\"fix\":\"首张作为基准\",\"skip\":1,\"fps\":1}',100066,'/Users/yonruizhang/MyUse/school/大四/毕业设计/代码/FeatureMatching/FeatureMatchingFrontend/src/assets/matching/pair/5d3ce9d1-5f5d-42e4-ae0f-bd6466ecd6a5/res/LoFTR_室内_viz.png','http://localhost:5173/src/assets/matching/pair/5d3ce9d1-5f5d-42e4-ae0f-bd6466ecd6a5/res/LoFTR_室内_viz.png','/Users/yonruizhang/MyUse/school/大四/毕业设计/代码/FeatureMatching/FeatureMatchingFrontend/src/assets/matching/pair/5d3ce9d1-5f5d-42e4-ae0f-bd6466ecd6a5/res/LoFTR_室内_matches.npz','/Users/yonruizhang/MyUse/school/大四/毕业设计/代码/FeatureMatching/FeatureMatchingFrontend/src/assets/matching/pair/5d3ce9d1-5f5d-42e4-ae0f-bd6466ecd6a5/res/LoFTR_室内_pose.npz'),('65872409-13a4-47d0-9894-e68618e8bcbd','d5556353-e081-4efa-b294-71f1f6cc079b','2025-04-02 11:09:11','40bf9b34-e4a7-424b-bee7-673e3c81fed2','两张图片','半稀疏','ASpanFormer','{\"scene\":\"室外\",\"fix\":\"首张作为基准\",\"skip\":1,\"fps\":1}',945985,'/Users/yonruizhang/MyUse/school/大四/毕业设计/代码/FeatureMatching/FeatureMatchingFrontend/src/assets/matching/pair/f052813f-3b3d-41d2-bf11-d5dcf72fefb7/res/ASpanFormer_outdoor_viz.png','http://localhost:5173/src/assets/matching/pair/f052813f-3b3d-41d2-bf11-d5dcf72fefb7/res/ASpanFormer_outdoor_viz.png','/Users/yonruizhang/MyUse/school/大四/毕业设计/代码/FeatureMatching/FeatureMatchingFrontend/src/assets/matching/pair/f052813f-3b3d-41d2-bf11-d5dcf72fefb7/res/ASpanFormer_outdoor_matches.npz','/Users/yonruizhang/MyUse/school/大四/毕业设计/代码/FeatureMatching/FeatureMatchingFrontend/src/assets/matching/pair/f052813f-3b3d-41d2-bf11-d5dcf72fefb7/res/ASpanFormer_outdoor_pose.npz'),('7ded03bd-b6ce-448d-836b-0d7f3d7e3a64','d5556353-e081-4efa-b294-71f1f6cc079b','2025-04-10 10:03:36','92e4452b-531f-43cf-a79f-8bead5665e03','两张图片','稀疏','BF_SuperPoint','{\"scene\":\"室内\",\"fix\":\"首张作为基准\",\"skip\":1,\"fps\":1}',403183,'/Users/yonruizhang/MyUse/school/大四/毕业设计/代码/FeatureMatching/FeatureMatchingFrontend/src/assets/matching/pair/136dc585-e0ab-4895-877d-fbbe54260ebc/res/BF_SuperPoint_viz.png','http://localhost:5173/src/assets/matching/pair/136dc585-e0ab-4895-877d-fbbe54260ebc/res/BF_SuperPoint_viz.png','/Users/yonruizhang/MyUse/school/大四/毕业设计/代码/FeatureMatching/FeatureMatchingFrontend/src/assets/matching/pair/136dc585-e0ab-4895-877d-fbbe54260ebc/res/BF_SuperPoint_matches.npz','/Users/yonruizhang/MyUse/school/大四/毕业设计/代码/FeatureMatching/FeatureMatchingFrontend/src/assets/matching/pair/136dc585-e0ab-4895-877d-fbbe54260ebc/res/BF_SuperPoint_pose.npz'),('7ff83310-b375-448b-8d6a-2c2308d9e95f','d5556353-e081-4efa-b294-71f1f6cc079b','2025-04-08 09:06:39','08a63103-8f94-4751-9409-a26513f29893','多张图片','稀疏','SuperGlue_SuperPoint','{\"scene\":\"室内\",\"fix\":\"首张作为基准\",\"skip\":1,\"fps\":1}',611130,'/Users/yonruizhang/MyUse/school/大四/毕业设计/代码/FeatureMatching/FeatureMatchingFrontend/src/assets/matching/images/47f8f9a4-889e-4b10-b796-8739a2f9de80/res/SuperGlue_SuperPoint_indoor_viz.mp4','http://localhost:5173/src/assets/matching/images/47f8f9a4-889e-4b10-b796-8739a2f9de80/res/SuperGlue_SuperPoint_indoor_viz.mp4','/Users/yonruizhang/MyUse/school/大四/毕业设计/代码/FeatureMatching/FeatureMatchingFrontend/src/assets/matching/images/47f8f9a4-889e-4b10-b796-8739a2f9de80/res/SuperGlue_SuperPoint_indoor_matches.npz','/Users/yonruizhang/MyUse/school/大四/毕业设计/代码/FeatureMatching/FeatureMatchingFrontend/src/assets/matching/images/47f8f9a4-889e-4b10-b796-8739a2f9de80/res/SuperGlue_SuperPoint_indoor_pose.npz'),('84286b1c-df71-4098-9f4f-c1d430d8458f','d5556353-e081-4efa-b294-71f1f6cc079b','2025-04-02 11:08:38','b97fbdfa-2163-4531-b186-f79a03e17366','两张图片','稀疏','SuperGlue_SuperPoint','{\"scene\":\"室内\",\"fix\":\"首张作为基准\",\"skip\":1,\"fps\":1}',44886,'/Users/yonruizhang/MyUse/school/大四/毕业设计/代码/FeatureMatching/FeatureMatchingFrontend/src/assets/matching/pair/f052813f-3b3d-41d2-bf11-d5dcf72fefb7/res/SuperGlue_SuperPoint_indoor_viz.png','http://localhost:5173/src/assets/matching/pair/f052813f-3b3d-41d2-bf11-d5dcf72fefb7/res/SuperGlue_SuperPoint_indoor_viz.png','/Users/yonruizhang/MyUse/school/大四/毕业设计/代码/FeatureMatching/FeatureMatchingFrontend/src/assets/matching/pair/f052813f-3b3d-41d2-bf11-d5dcf72fefb7/res/SuperGlue_SuperPoint_indoor_matches.npz','/Users/yonruizhang/MyUse/school/大四/毕业设计/代码/FeatureMatching/FeatureMatchingFrontend/src/assets/matching/pair/f052813f-3b3d-41d2-bf11-d5dcf72fefb7/res/SuperGlue_SuperPoint_indoor_pose.npz'),('95bc776f-0196-46a6-a01d-bc570f171c4e','d5556353-e081-4efa-b294-71f1f6cc079b','2025-04-08 18:34:05','61633aef-2de8-4384-9d08-eddac19cd81d','视频','稀疏','SuperGlue_SuperPoint','{\"scene\":\"室内\",\"fix\":\"首张作为基准\",\"skip\":\"1\",\"fps\":1}',885565,'/Users/yonruizhang/MyUse/school/大四/毕业设计/代码/FeatureMatching/FeatureMatchingFrontend/src/assets/matching/video/b3b903c5-9fb8-4ca0-adc3-922bde25abde/res/SuperGlue_SuperPoint_indoor_viz.mp4','http://localhost:5173/src/assets/matching/video/b3b903c5-9fb8-4ca0-adc3-922bde25abde/res/SuperGlue_SuperPoint_indoor_viz.mp4','/Users/yonruizhang/MyUse/school/大四/毕业设计/代码/FeatureMatching/FeatureMatchingFrontend/src/assets/matching/video/b3b903c5-9fb8-4ca0-adc3-922bde25abde/res/SuperGlue_SuperPoint_indoor_matches.npz','/Users/yonruizhang/MyUse/school/大四/毕业设计/代码/FeatureMatching/FeatureMatchingFrontend/src/assets/matching/video/b3b903c5-9fb8-4ca0-adc3-922bde25abde/res/SuperGlue_SuperPoint_indoor_pose.npz'),('c9bb28f9-a4d8-407f-98aa-375edef3512e','d5556353-e081-4efa-b294-71f1f6cc079b','2025-04-02 11:09:58','831866d9-e22f-4c58-a9d5-3ede67c1f323','多张图片','半稀疏','ASpanFormer','{\"scene\":\"室外\",\"fix\":\"首张作为基准\",\"skip\":1,\"fps\":1}',855021,'/Users/yonruizhang/MyUse/school/大四/毕业设计/代码/FeatureMatching/FeatureMatchingFrontend/src/assets/matching/images/3c79a15b-173a-41d8-9806-4ee8b6016530/res/ASpanFormer_outdoor_viz.mp4','http://localhost:5173/src/assets/matching/images/3c79a15b-173a-41d8-9806-4ee8b6016530/res/ASpanFormer_outdoor_viz.mp4','/Users/yonruizhang/MyUse/school/大四/毕业设计/代码/FeatureMatching/FeatureMatchingFrontend/src/assets/matching/images/3c79a15b-173a-41d8-9806-4ee8b6016530/res/ASpanFormer_outdoor_matches.npz','/Users/yonruizhang/MyUse/school/大四/毕业设计/代码/FeatureMatching/FeatureMatchingFrontend/src/assets/matching/images/3c79a15b-173a-41d8-9806-4ee8b6016530/res/ASpanFormer_outdoor_pose.npz'),('cc402175-80b2-48db-a1ba-0b11079019f4','d5556353-e081-4efa-b294-71f1f6cc079b','2025-04-02 11:08:46','a3b33231-1758-48ab-bce3-5495312b1e52','两张图片','稀疏','BF_SIFT','{\"scene\":\"室内\",\"fix\":\"首张作为基准\",\"skip\":1,\"fps\":1}',411802,'/Users/yonruizhang/MyUse/school/大四/毕业设计/代码/FeatureMatching/FeatureMatchingFrontend/src/assets/matching/pair/f052813f-3b3d-41d2-bf11-d5dcf72fefb7/res/BF_SIFT_viz.png','http://localhost:5173/src/assets/matching/pair/f052813f-3b3d-41d2-bf11-d5dcf72fefb7/res/BF_SIFT_viz.png','/Users/yonruizhang/MyUse/school/大四/毕业设计/代码/FeatureMatching/FeatureMatchingFrontend/src/assets/matching/pair/f052813f-3b3d-41d2-bf11-d5dcf72fefb7/res/BF_SIFT_matches.npz','/Users/yonruizhang/MyUse/school/大四/毕业设计/代码/FeatureMatching/FeatureMatchingFrontend/src/assets/matching/pair/f052813f-3b3d-41d2-bf11-d5dcf72fefb7/res/BF_SIFT_pose.npz'),('d7496cec-ae6e-452c-b0f5-45f4dc4e5cb4','d5556353-e081-4efa-b294-71f1f6cc079b','2025-04-02 11:09:15','9cde149e-c13e-401a-8517-c4645da99162','两张图片','半稀疏','LoFTR','{\"scene\":\"室外\",\"fix\":\"首张作为基准\",\"skip\":1,\"fps\":1}',354285,'/Users/yonruizhang/MyUse/school/大四/毕业设计/代码/FeatureMatching/FeatureMatchingFrontend/src/assets/matching/pair/f052813f-3b3d-41d2-bf11-d5dcf72fefb7/res/LoFTR_室外_viz.png','http://localhost:5173/src/assets/matching/pair/f052813f-3b3d-41d2-bf11-d5dcf72fefb7/res/LoFTR_室外_viz.png','/Users/yonruizhang/MyUse/school/大四/毕业设计/代码/FeatureMatching/FeatureMatchingFrontend/src/assets/matching/pair/f052813f-3b3d-41d2-bf11-d5dcf72fefb7/res/LoFTR_室外_matches.npz','/Users/yonruizhang/MyUse/school/大四/毕业设计/代码/FeatureMatching/FeatureMatchingFrontend/src/assets/matching/pair/f052813f-3b3d-41d2-bf11-d5dcf72fefb7/res/LoFTR_室外_pose.npz'),('f00acebd-4470-47e6-a3db-5b421bd87f75','d5556353-e081-4efa-b294-71f1f6cc079b','2025-04-08 18:43:36','5c6e9da6-d989-4c06-8ec9-4ba876878846','两张图片','稀疏','FLANN_SIFT','{\"scene\":\"室内\",\"fix\":\"首张作为基准\",\"skip\":1,\"fps\":1}',151895,'/Users/yonruizhang/MyUse/school/大四/毕业设计/代码/FeatureMatching/FeatureMatchingFrontend/src/assets/matching/pair/aa0de948-5ab5-4da9-bb4c-bba63405d27b/res/FLANN_SIFT_viz.png','http://localhost:5173/src/assets/matching/pair/aa0de948-5ab5-4da9-bb4c-bba63405d27b/res/FLANN_SIFT_viz.png','/Users/yonruizhang/MyUse/school/大四/毕业设计/代码/FeatureMatching/FeatureMatchingFrontend/src/assets/matching/pair/aa0de948-5ab5-4da9-bb4c-bba63405d27b/res/FLANN_SIFT_matches.npz','/Users/yonruizhang/MyUse/school/大四/毕业设计/代码/FeatureMatching/FeatureMatchingFrontend/src/assets/matching/pair/aa0de948-5ab5-4da9-bb4c-bba63405d27b/res/FLANN_SIFT_pose.npz'),('f8ffaf09-549b-4b68-b073-1bce428cbab3','d5556353-e081-4efa-b294-71f1f6cc079b','2025-04-02 11:10:10','b44e9e21-c74d-4a28-a749-db28b4aea7c1','多张图片','稀疏','SuperGlue_SuperPoint','{\"scene\":\"室外\",\"fix\":\"首张作为基准\",\"skip\":1,\"fps\":1}',63427,'/Users/yonruizhang/MyUse/school/大四/毕业设计/代码/FeatureMatching/FeatureMatchingFrontend/src/assets/matching/images/3c79a15b-173a-41d8-9806-4ee8b6016530/res/SuperGlue_SuperPoint_outdoor_viz.mp4','http://localhost:5173/src/assets/matching/images/3c79a15b-173a-41d8-9806-4ee8b6016530/res/SuperGlue_SuperPoint_outdoor_viz.mp4','/Users/yonruizhang/MyUse/school/大四/毕业设计/代码/FeatureMatching/FeatureMatchingFrontend/src/assets/matching/images/3c79a15b-173a-41d8-9806-4ee8b6016530/res/SuperGlue_SuperPoint_outdoor_matches.npz','/Users/yonruizhang/MyUse/school/大四/毕业设计/代码/FeatureMatching/FeatureMatchingFrontend/src/assets/matching/images/3c79a15b-173a-41d8-9806-4ee8b6016530/res/SuperGlue_SuperPoint_outdoor_pose.npz'),('fae82297-d6e5-46a9-aee7-499d19bbf69b','d5556353-e081-4efa-b294-71f1f6cc079b','2025-04-02 11:10:15','05b01455-38e9-4537-8b17-eac20a748e89','多张图片','稀疏','BF_ORB','{\"scene\":\"室外\",\"fix\":\"首张作为基准\",\"skip\":1,\"fps\":1}',951480,'/Users/yonruizhang/MyUse/school/大四/毕业设计/代码/FeatureMatching/FeatureMatchingFrontend/src/assets/matching/images/3c79a15b-173a-41d8-9806-4ee8b6016530/res/BF_ORB_viz.mp4','http://localhost:5173/src/assets/matching/images/3c79a15b-173a-41d8-9806-4ee8b6016530/res/BF_ORB_viz.mp4','/Users/yonruizhang/MyUse/school/大四/毕业设计/代码/FeatureMatching/FeatureMatchingFrontend/src/assets/matching/images/3c79a15b-173a-41d8-9806-4ee8b6016530/res/BF_ORB_matches.npz','/Users/yonruizhang/MyUse/school/大四/毕业设计/代码/FeatureMatching/FeatureMatchingFrontend/src/assets/matching/images/3c79a15b-173a-41d8-9806-4ee8b6016530/res/BF_ORB_pose.npz');
/*!40000 ALTER TABLE `t_matching` ENABLE KEYS */;
UNLOCK TABLES;

--
-- Table structure for table `t_mosaic`
--

DROP TABLE IF EXISTS `t_mosaic`;
/*!40101 SET @saved_cs_client     = @@character_set_client */;
/*!50503 SET character_set_client = utf8mb4 */;
CREATE TABLE `t_mosaic` (
  `id` varchar(128) NOT NULL,
  `user_id` varchar(128) NOT NULL,
  `record_date` datetime NOT NULL COMMENT '产生记录的时间',
  `data_id` varchar(128) NOT NULL,
  `algorithm_type` varchar(64) NOT NULL COMMENT '使用算法类型',
  `algorithm` varchar(64) NOT NULL COMMENT '使用算法',
  `elapsed_time` float NOT NULL COMMENT '耗时',
  `save_path` varchar(256) NOT NULL COMMENT '可视化结果路径，用于下载',
  `save_path_url` varchar(256) NOT NULL COMMENT '可视化结果url，用于预览',
  `scene` varchar(256) NOT NULL COMMENT '场景',
  PRIMARY KEY (`id`),
  KEY `data_id` (`data_id`),
  KEY `user_id` (`user_id`),
  CONSTRAINT `t_mosaic_ibfk_1` FOREIGN KEY (`data_id`) REFERENCES `t_upload_data` (`id`),
  CONSTRAINT `t_mosaic_ibfk_2` FOREIGN KEY (`user_id`) REFERENCES `t_user` (`id`)
) ENGINE=InnoDB DEFAULT CHARSET=utf8mb4 COLLATE=utf8mb4_0900_ai_ci;
/*!40101 SET character_set_client = @saved_cs_client */;

--
-- Dumping data for table `t_mosaic`
--

LOCK TABLES `t_mosaic` WRITE;
/*!40000 ALTER TABLE `t_mosaic` DISABLE KEYS */;
INSERT INTO `t_mosaic` VALUES ('0b1b5f9d-e00e-48ed-946c-56af928fb846','d5556353-e081-4efa-b294-71f1f6cc079b','2025-04-02 18:52:40','60644fe8-867a-407a-97fc-0cbc9413f418','稀疏','SuperGlue_SuperPoint',730472,'/Users/yonruizhang/MyUse/school/大四/毕业设计/代码/FeatureMatching/FeatureMatchingFrontend/src/assets/mosaic/pair/f2eb3448-070b-4dfb-a33c-35ffb4dabda3/res/SuperGlue_SuperPoint_室内.png','http://localhost:5173/src/assets/mosaic/pair/f2eb3448-070b-4dfb-a33c-35ffb4dabda3/res/SuperGlue_SuperPoint_室内.png','室内'),('0ef76d31-ac57-4ea8-b595-84235bd63b61','d5556353-e081-4efa-b294-71f1f6cc079b','2025-04-02 18:52:53','0bb36685-d188-4e1b-934a-f63ee43dade7','半稀疏','LoFTR',270342,'/Users/yonruizhang/MyUse/school/大四/毕业设计/代码/FeatureMatching/FeatureMatchingFrontend/src/assets/mosaic/pair/f2eb3448-070b-4dfb-a33c-35ffb4dabda3/res/LoFTR_室外.png','http://localhost:5173/src/assets/mosaic/pair/f2eb3448-070b-4dfb-a33c-35ffb4dabda3/res/LoFTR_室外.png','室外'),('0f37b28f-095c-43b0-be6e-224b9ac7b17a','d5556353-e081-4efa-b294-71f1f6cc079b','2025-04-02 18:53:01','073722f1-0ef6-4cd7-ae4f-77262c4f342e','半稀疏','ASpanFormer',61256,'/Users/yonruizhang/MyUse/school/大四/毕业设计/代码/FeatureMatching/FeatureMatchingFrontend/src/assets/mosaic/pair/f2eb3448-070b-4dfb-a33c-35ffb4dabda3/res/ASpanFormer_室外.png','http://localhost:5173/src/assets/mosaic/pair/f2eb3448-070b-4dfb-a33c-35ffb4dabda3/res/ASpanFormer_室外.png','室外'),('12d345e2-adf0-497c-a70d-387fc72a5b38','d5556353-e081-4efa-b294-71f1f6cc079b','2025-04-07 10:55:20','6877df14-3482-4320-b8ea-220286ef61c7','稀疏','SuperGlue_SuperPoint',287744,'/Users/yonruizhang/MyUse/school/大四/毕业设计/代码/FeatureMatching/FeatureMatchingFrontend/src/assets/mosaic/pair/b7a8e3b0-317d-4ab9-81e6-6059e245e980/res/SuperGlue_SuperPoint_室内.png','http://localhost:5173/src/assets/mosaic/pair/b7a8e3b0-317d-4ab9-81e6-6059e245e980/res/SuperGlue_SuperPoint_室内.png','室内'),('3d166aef-0d6f-4052-8a17-6dfc14a05aa6','d5556353-e081-4efa-b294-71f1f6cc079b','2025-04-02 18:51:52','1271e2c0-d20c-495e-9ef6-dcf5b60e00a0','稀疏','SuperGlue_SuperPoint',646742,'/Users/yonruizhang/MyUse/school/大四/毕业设计/代码/FeatureMatching/FeatureMatchingFrontend/src/assets/mosaic/pair/e7535d4e-80e8-48f7-bfb8-a09012842709/res/SuperGlue_SuperPoint_室内.png','http://localhost:5173/src/assets/mosaic/pair/e7535d4e-80e8-48f7-bfb8-a09012842709/res/SuperGlue_SuperPoint_室内.png','室内'),('40291c0c-e02e-418e-9a2c-7039a0e6825e','d5556353-e081-4efa-b294-71f1f6cc079b','2025-04-02 18:52:43','f1819783-8ab8-421e-8ab2-2a6dfc8e46e7','稀疏','BF_ORB',413261,'/Users/yonruizhang/MyUse/school/大四/毕业设计/代码/FeatureMatching/FeatureMatchingFrontend/src/assets/mosaic/pair/f2eb3448-070b-4dfb-a33c-35ffb4dabda3/res/BF_ORB.png','http://localhost:5173/src/assets/mosaic/pair/f2eb3448-070b-4dfb-a33c-35ffb4dabda3/res/BF_ORB.png','无此配置'),('43f88863-9423-4910-8dbb-344cedd5a9ed','d5556353-e081-4efa-b294-71f1f6cc079b','2025-04-02 18:53:29','afa51359-e76c-4ecb-937c-058a5b0ff587','稀疏','SuperGlue_SuperPoint',637579,'/Users/yonruizhang/MyUse/school/大四/毕业设计/代码/FeatureMatching/FeatureMatchingFrontend/src/assets/mosaic/pair/f2eb3448-070b-4dfb-a33c-35ffb4dabda3/res/SuperGlue_SuperPoint_室外.png','http://localhost:5173/src/assets/mosaic/pair/f2eb3448-070b-4dfb-a33c-35ffb4dabda3/res/SuperGlue_SuperPoint_室外.png','室外'),('5ae2ef6b-1975-4904-a920-19168bf147e1','d5556353-e081-4efa-b294-71f1f6cc079b','2025-04-02 18:52:46','33f4115d-eacf-4d46-94b1-1aa5c6f38464','稀疏','FLANN_SIFT',509501,'/Users/yonruizhang/MyUse/school/大四/毕业设计/代码/FeatureMatching/FeatureMatchingFrontend/src/assets/mosaic/pair/f2eb3448-070b-4dfb-a33c-35ffb4dabda3/res/FLANN_SIFT.png','http://localhost:5173/src/assets/mosaic/pair/f2eb3448-070b-4dfb-a33c-35ffb4dabda3/res/FLANN_SIFT.png','无此配置'),('66e7d73c-d4c4-4fbe-9335-bdaee3d0a04d','d5556353-e081-4efa-b294-71f1f6cc079b','2025-04-02 18:51:57','3c5e4781-c726-4ae3-934f-f57e39c72fdc','稀疏','BF_SIFT',271543,'/Users/yonruizhang/MyUse/school/大四/毕业设计/代码/FeatureMatching/FeatureMatchingFrontend/src/assets/mosaic/pair/e7535d4e-80e8-48f7-bfb8-a09012842709/res/BF_SIFT.png','http://localhost:5173/src/assets/mosaic/pair/e7535d4e-80e8-48f7-bfb8-a09012842709/res/BF_SIFT.png','无此配置'),('8e805240-5e65-4b08-81d6-b1f7624d961d','d5556353-e081-4efa-b294-71f1f6cc079b','2025-04-02 18:52:25','e28a8345-c841-430d-9023-db2d262e5f48','半稀疏','LoFTR',381920,'/Users/yonruizhang/MyUse/school/大四/毕业设计/代码/FeatureMatching/FeatureMatchingFrontend/src/assets/mosaic/pair/e7535d4e-80e8-48f7-bfb8-a09012842709/res/LoFTR_室内.png','http://localhost:5173/src/assets/mosaic/pair/e7535d4e-80e8-48f7-bfb8-a09012842709/res/LoFTR_室内.png','室内'),('b28e27d4-a13f-48ad-addf-00c7710fa8d7','d5556353-e081-4efa-b294-71f1f6cc079b','2025-04-02 18:51:59','6882a560-8bad-4e90-9a44-7fc6073496e5','稀疏','FLANN_ORB',284440,'/Users/yonruizhang/MyUse/school/大四/毕业设计/代码/FeatureMatching/FeatureMatchingFrontend/src/assets/mosaic/pair/e7535d4e-80e8-48f7-bfb8-a09012842709/res/FLANN_ORB.png','http://localhost:5173/src/assets/mosaic/pair/e7535d4e-80e8-48f7-bfb8-a09012842709/res/FLANN_ORB.png','无此配置'),('d1589967-491d-44fb-85af-4e3af9154d62','d5556353-e081-4efa-b294-71f1f6cc079b','2025-04-02 18:53:23','fdc4dbd7-9d3c-44ba-b978-85243d69d84a','稠密','DKM',545097,'/Users/yonruizhang/MyUse/school/大四/毕业设计/代码/FeatureMatching/FeatureMatchingFrontend/src/assets/mosaic/pair/f2eb3448-070b-4dfb-a33c-35ffb4dabda3/res/DKM_室外.png','http://localhost:5173/src/assets/mosaic/pair/f2eb3448-070b-4dfb-a33c-35ffb4dabda3/res/DKM_室外.png','室外'),('da0c8803-0453-46f5-92ff-2ce0082e3823','d5556353-e081-4efa-b294-71f1f6cc079b','2025-04-02 18:52:05','df39f1d0-1373-4ec8-9eb9-a5a6d9086d89','半稀疏','ASpanFormer',703913,'/Users/yonruizhang/MyUse/school/大四/毕业设计/代码/FeatureMatching/FeatureMatchingFrontend/src/assets/mosaic/pair/e7535d4e-80e8-48f7-bfb8-a09012842709/res/ASpanFormer_室内.png','http://localhost:5173/src/assets/mosaic/pair/e7535d4e-80e8-48f7-bfb8-a09012842709/res/ASpanFormer_室内.png','室内'),('fe761d23-5ceb-4358-a5cf-b25213ee355a','d5556353-e081-4efa-b294-71f1f6cc079b','2025-04-02 18:52:20','f9592a6e-0e70-4e93-ae91-5ed1da2b8163','稠密','DKM',603342,'/Users/yonruizhang/MyUse/school/大四/毕业设计/代码/FeatureMatching/FeatureMatchingFrontend/src/assets/mosaic/pair/e7535d4e-80e8-48f7-bfb8-a09012842709/res/DKM_室内.png','http://localhost:5173/src/assets/mosaic/pair/e7535d4e-80e8-48f7-bfb8-a09012842709/res/DKM_室内.png','室内');
/*!40000 ALTER TABLE `t_mosaic` ENABLE KEYS */;
UNLOCK TABLES;

--
-- Table structure for table `t_upload_data`
--

DROP TABLE IF EXISTS `t_upload_data`;
/*!40101 SET @saved_cs_client     = @@character_set_client */;
/*!50503 SET character_set_client = utf8mb4 */;
CREATE TABLE `t_upload_data` (
  `id` varchar(128) NOT NULL,
  `left_url` varchar(256) DEFAULT NULL COMMENT '左图片url',
  `right_url` varchar(256) DEFAULT NULL COMMENT '右图片url',
  `video_url` varchar(256) DEFAULT NULL COMMENT '视频url',
  `path` varchar(256) NOT NULL COMMENT '路径',
  PRIMARY KEY (`id`)
) ENGINE=InnoDB DEFAULT CHARSET=utf8mb4 COLLATE=utf8mb4_0900_ai_ci;
/*!40101 SET character_set_client = @saved_cs_client */;

--
-- Dumping data for table `t_upload_data`
--

LOCK TABLES `t_upload_data` WRITE;
/*!40000 ALTER TABLE `t_upload_data` DISABLE KEYS */;
INSERT INTO `t_upload_data` VALUES ('05a974c1-fb70-4aff-b05a-134db2763dd2',NULL,NULL,NULL,'/Users/yonruizhang/MyUse/school/大四/毕业设计/代码/FeatureMatching/FeatureMatchingFrontend/src/assets/matching/images/8816fead-62c6-47b5-a90b-b8cbe39f0076'),('05b01455-38e9-4537-8b17-eac20a748e89',NULL,NULL,NULL,'/Users/yonruizhang/MyUse/school/大四/毕业设计/代码/FeatureMatching/FeatureMatchingFrontend/src/assets/matching/images/3c79a15b-173a-41d8-9806-4ee8b6016530'),('06f37752-abd7-42ca-a07a-da51b8ae4dac','http://localhost:5173/src/assets/matching/pair/f052813f-3b3d-41d2-bf11-d5dcf72fefb7/st_pauls_cathedral_30776973_2635313996.jpg','http://localhost:5173/src/assets/matching/pair/f052813f-3b3d-41d2-bf11-d5dcf72fefb7/st_pauls_cathedral_37347628_10902811376.jpg',NULL,'/Users/yonruizhang/MyUse/school/大四/毕业设计/代码/FeatureMatching/FeatureMatchingFrontend/src/assets/matching/pair/f052813f-3b3d-41d2-bf11-d5dcf72fefb7'),('073722f1-0ef6-4cd7-ae4f-77262c4f342e','http://localhost:5173/src/assets/mosaic/pair/f2eb3448-070b-4dfb-a33c-35ffb4dabda3/left.png','http://localhost:5173/src/assets/mosaic/pair/f2eb3448-070b-4dfb-a33c-35ffb4dabda3/right.png',NULL,'/Users/yonruizhang/MyUse/school/大四/毕业设计/代码/FeatureMatching/FeatureMatchingFrontend/src/assets/mosaic/pair/f2eb3448-070b-4dfb-a33c-35ffb4dabda3'),('083e1878-2ed1-4045-bfcd-50e945dbdfb6',NULL,NULL,'http://localhost:5173/src/assets/matching/video/49e13573-d29f-44d5-a1b7-a3de9c0373f1/nyu_snippet.mp4','/Users/yonruizhang/MyUse/school/大四/毕业设计/代码/FeatureMatching/FeatureMatchingFrontend/src/assets/matching/video/49e13573-d29f-44d5-a1b7-a3de9c0373f1'),('08a63103-8f94-4751-9409-a26513f29893',NULL,NULL,NULL,'/Users/yonruizhang/MyUse/school/大四/毕业设计/代码/FeatureMatching/FeatureMatchingFrontend/src/assets/matching/images/47f8f9a4-889e-4b10-b796-8739a2f9de80'),('0a8594a3-be35-441d-bcae-093c67032e8d','http://localhost:5173/src/assets/mosaic/pair/1b0469fd-e13b-41f5-9d3b-81e8e81dfe47/img105_left.png','http://localhost:5173/src/assets/mosaic/pair/1b0469fd-e13b-41f5-9d3b-81e8e81dfe47/img105_right.png',NULL,'/Users/yonruizhang/MyUse/school/大四/毕业设计/代码/FeatureMatching/FeatureMatchingFrontend/src/assets/mosaic/pair/1b0469fd-e13b-41f5-9d3b-81e8e81dfe47'),('0bb36685-d188-4e1b-934a-f63ee43dade7','http://localhost:5173/src/assets/mosaic/pair/f2eb3448-070b-4dfb-a33c-35ffb4dabda3/left.png','http://localhost:5173/src/assets/mosaic/pair/f2eb3448-070b-4dfb-a33c-35ffb4dabda3/right.png',NULL,'/Users/yonruizhang/MyUse/school/大四/毕业设计/代码/FeatureMatching/FeatureMatchingFrontend/src/assets/mosaic/pair/f2eb3448-070b-4dfb-a33c-35ffb4dabda3'),('10b141af-ca8a-4d35-b6a7-82fac7852ed1',NULL,NULL,NULL,'/Users/yonruizhang/MyUse/school/大四/毕业设计/代码/FeatureMatching/FeatureMatchingFrontend/src/assets/matching/images/47f8f9a4-889e-4b10-b796-8739a2f9de80'),('1271e2c0-d20c-495e-9ef6-dcf5b60e00a0','http://localhost:5173/src/assets/mosaic/pair/e7535d4e-80e8-48f7-bfb8-a09012842709/img105_left.png','http://localhost:5173/src/assets/mosaic/pair/e7535d4e-80e8-48f7-bfb8-a09012842709/img105_right.png',NULL,'/Users/yonruizhang/MyUse/school/大四/毕业设计/代码/FeatureMatching/FeatureMatchingFrontend/src/assets/mosaic/pair/e7535d4e-80e8-48f7-bfb8-a09012842709'),('1436e99e-1009-438f-a5f4-aa3d3c525062',NULL,NULL,NULL,'/Users/yonruizhang/MyUse/school/大四/毕业设计/代码/FeatureMatching/FeatureMatchingFrontend/src/assets/matching/images/8816fead-62c6-47b5-a90b-b8cbe39f0076'),('1af15688-e38c-42df-8d58-1b6b2daefaa6','http://localhost:5173/src/assets/mosaic/pair/1b0469fd-e13b-41f5-9d3b-81e8e81dfe47/img105_left.png','http://localhost:5173/src/assets/mosaic/pair/1b0469fd-e13b-41f5-9d3b-81e8e81dfe47/img105_right.png',NULL,'/Users/yonruizhang/MyUse/school/大四/毕业设计/代码/FeatureMatching/FeatureMatchingFrontend/src/assets/mosaic/pair/1b0469fd-e13b-41f5-9d3b-81e8e81dfe47'),('26c17b51-0b1e-4dfe-8b47-a634e5d11110','http://localhost:5173/src/assets/matching/pair/5d3ce9d1-5f5d-42e4-ae0f-bd6466ecd6a5/scene0743_00_frame-000000.jpg','http://localhost:5173/src/assets/matching/pair/5d3ce9d1-5f5d-42e4-ae0f-bd6466ecd6a5/scene0743_00_frame-001275.jpg',NULL,'/Users/yonruizhang/MyUse/school/大四/毕业设计/代码/FeatureMatching/FeatureMatchingFrontend/src/assets/matching/pair/5d3ce9d1-5f5d-42e4-ae0f-bd6466ecd6a5'),('2ee7112d-a5a7-489f-9c93-62b2abbbf330','http://localhost:5173/src/assets/matching/pair/5d3ce9d1-5f5d-42e4-ae0f-bd6466ecd6a5/scene0743_00_frame-000000.jpg','http://localhost:5173/src/assets/matching/pair/5d3ce9d1-5f5d-42e4-ae0f-bd6466ecd6a5/scene0743_00_frame-001275.jpg',NULL,'/Users/yonruizhang/MyUse/school/大四/毕业设计/代码/FeatureMatching/FeatureMatchingFrontend/src/assets/matching/pair/5d3ce9d1-5f5d-42e4-ae0f-bd6466ecd6a5'),('33f4115d-eacf-4d46-94b1-1aa5c6f38464','http://localhost:5173/src/assets/mosaic/pair/f2eb3448-070b-4dfb-a33c-35ffb4dabda3/left.png','http://localhost:5173/src/assets/mosaic/pair/f2eb3448-070b-4dfb-a33c-35ffb4dabda3/right.png',NULL,'/Users/yonruizhang/MyUse/school/大四/毕业设计/代码/FeatureMatching/FeatureMatchingFrontend/src/assets/mosaic/pair/f2eb3448-070b-4dfb-a33c-35ffb4dabda3'),('37d60336-7bc1-47a4-93e0-befc74d2dd39',NULL,NULL,NULL,'/Users/yonruizhang/MyUse/school/大四/毕业设计/代码/FeatureMatching/FeatureMatchingFrontend/src/assets/matching/images/84f940c3-c3d4-4e8e-8adb-099db40f4eb4'),('3c5185b0-4fd3-4290-86cd-a9eea4566708',NULL,NULL,NULL,'/Users/yonruizhang/MyUse/school/大四/毕业设计/代码/FeatureMatching/FeatureMatchingFrontend/src/assets/matching/images/8816fead-62c6-47b5-a90b-b8cbe39f0076'),('3c5e4781-c726-4ae3-934f-f57e39c72fdc','http://localhost:5173/src/assets/mosaic/pair/e7535d4e-80e8-48f7-bfb8-a09012842709/img105_left.png','http://localhost:5173/src/assets/mosaic/pair/e7535d4e-80e8-48f7-bfb8-a09012842709/img105_right.png',NULL,'/Users/yonruizhang/MyUse/school/大四/毕业设计/代码/FeatureMatching/FeatureMatchingFrontend/src/assets/mosaic/pair/e7535d4e-80e8-48f7-bfb8-a09012842709'),('40bf9b34-e4a7-424b-bee7-673e3c81fed2','http://localhost:5173/src/assets/matching/pair/f052813f-3b3d-41d2-bf11-d5dcf72fefb7/st_pauls_cathedral_30776973_2635313996.jpg','http://localhost:5173/src/assets/matching/pair/f052813f-3b3d-41d2-bf11-d5dcf72fefb7/st_pauls_cathedral_37347628_10902811376.jpg',NULL,'/Users/yonruizhang/MyUse/school/大四/毕业设计/代码/FeatureMatching/FeatureMatchingFrontend/src/assets/matching/pair/f052813f-3b3d-41d2-bf11-d5dcf72fefb7'),('411bdff9-a961-41a0-943c-f89db31dfe67',NULL,NULL,NULL,'/Users/yonruizhang/MyUse/school/大四/毕业设计/代码/FeatureMatching/FeatureMatchingFrontend/src/assets/matching/images/8816fead-62c6-47b5-a90b-b8cbe39f0076'),('443e9e34-c50f-4b40-a071-22fe2ba4cc26','http://localhost:5173/src/assets/matching/pair/2872d821-d4b5-4799-8717-edcad5df6bd6/opencv_orig.png','http://localhost:5173/src/assets/matching/pair/2872d821-d4b5-4799-8717-edcad5df6bd6/opencv_search.png',NULL,'/Users/yonruizhang/MyUse/school/大四/毕业设计/代码/FeatureMatching/FeatureMatchingFrontend/src/assets/matching/pair/2872d821-d4b5-4799-8717-edcad5df6bd6'),('491a97a6-c58b-49b0-bfa7-3892bcf1d82f','http://localhost:5173/src/assets/matching/pair/aa0de948-5ab5-4da9-bb4c-bba63405d27b/scene0721_00_frame-000375.jpg','http://localhost:5173/src/assets/matching/pair/aa0de948-5ab5-4da9-bb4c-bba63405d27b/scene0721_00_frame-002745.jpg',NULL,'/Users/yonruizhang/MyUse/school/大四/毕业设计/代码/FeatureMatching/FeatureMatchingFrontend/src/assets/matching/pair/aa0de948-5ab5-4da9-bb4c-bba63405d27b'),('4a8070a2-23f3-4215-aaa8-c44c1bcd7574',NULL,NULL,NULL,'/Users/yonruizhang/MyUse/school/大四/毕业设计/代码/FeatureMatching/FeatureMatchingFrontend/src/assets/matching/images/3c79a15b-173a-41d8-9806-4ee8b6016530'),('4af1721e-9468-433f-895c-53dc6ce0aac5','http://localhost:5173/src/assets/mosaic/pair/1b0469fd-e13b-41f5-9d3b-81e8e81dfe47/img105_left.png','http://localhost:5173/src/assets/mosaic/pair/1b0469fd-e13b-41f5-9d3b-81e8e81dfe47/img105_right.png',NULL,'/Users/yonruizhang/MyUse/school/大四/毕业设计/代码/FeatureMatching/FeatureMatchingFrontend/src/assets/mosaic/pair/1b0469fd-e13b-41f5-9d3b-81e8e81dfe47'),('4af95cc6-cf23-4478-b55b-b63e0626d4a7','http://localhost:5173/src/assets/mosaic/pair/1b0469fd-e13b-41f5-9d3b-81e8e81dfe47/img105_left.png','http://localhost:5173/src/assets/mosaic/pair/1b0469fd-e13b-41f5-9d3b-81e8e81dfe47/img105_right.png',NULL,'/Users/yonruizhang/MyUse/school/大四/毕业设计/代码/FeatureMatching/FeatureMatchingFrontend/src/assets/mosaic/pair/1b0469fd-e13b-41f5-9d3b-81e8e81dfe47'),('504bb79c-39f5-4617-8d49-18bbd815641d','http://localhost:5173/src/assets/matching/pair/5d3ce9d1-5f5d-42e4-ae0f-bd6466ecd6a5/scene0743_00_frame-000000.jpg','http://localhost:5173/src/assets/matching/pair/5d3ce9d1-5f5d-42e4-ae0f-bd6466ecd6a5/scene0743_00_frame-001275.jpg',NULL,'/Users/yonruizhang/MyUse/school/大四/毕业设计/代码/FeatureMatching/FeatureMatchingFrontend/src/assets/matching/pair/5d3ce9d1-5f5d-42e4-ae0f-bd6466ecd6a5'),('55e187e2-86e8-4129-a4a2-574acd911212','http://localhost:5173/src/assets/matching/pair/67279be4-c515-450a-9fcf-d1cc35135886/img105_left.png','http://localhost:5173/src/assets/matching/pair/67279be4-c515-450a-9fcf-d1cc35135886/img105_right.png',NULL,'/Users/yonruizhang/MyUse/school/大四/毕业设计/代码/FeatureMatching/FeatureMatchingFrontend/src/assets/matching/pair/67279be4-c515-450a-9fcf-d1cc35135886'),('5853bf92-54be-486c-8b4a-9c63b4eb579b','http://localhost:5173/src/assets/matching/pair/67279be4-c515-450a-9fcf-d1cc35135886/img105_left.png','http://localhost:5173/src/assets/matching/pair/67279be4-c515-450a-9fcf-d1cc35135886/img105_right.png',NULL,'/Users/yonruizhang/MyUse/school/大四/毕业设计/代码/FeatureMatching/FeatureMatchingFrontend/src/assets/matching/pair/67279be4-c515-450a-9fcf-d1cc35135886'),('59f71cd9-9c2f-416b-ad7c-cab229ffa386','http://localhost:5173/src/assets/matching/pair/3e095806-d415-49ed-8deb-3a54bed54e8e/opencv_orig.png','http://localhost:5173/src/assets/matching/pair/3e095806-d415-49ed-8deb-3a54bed54e8e/opencv_search.png',NULL,'/Users/yonruizhang/MyUse/school/大四/毕业设计/代码/FeatureMatching/FeatureMatchingFrontend/src/assets/matching/pair/3e095806-d415-49ed-8deb-3a54bed54e8e'),('5a4e62c5-94d0-48ac-b70d-ea14d5d4f9f3',NULL,NULL,NULL,'/Users/yonruizhang/MyUse/school/大四/毕业设计/代码/FeatureMatching/FeatureMatchingFrontend/src/assets/matching/images/47f8f9a4-889e-4b10-b796-8739a2f9de80'),('5c6e9da6-d989-4c06-8ec9-4ba876878846','http://localhost:5173/src/assets/matching/pair/aa0de948-5ab5-4da9-bb4c-bba63405d27b/scene0721_00_frame-000375.jpg','http://localhost:5173/src/assets/matching/pair/aa0de948-5ab5-4da9-bb4c-bba63405d27b/scene0721_00_frame-002745.jpg',NULL,'/Users/yonruizhang/MyUse/school/大四/毕业设计/代码/FeatureMatching/FeatureMatchingFrontend/src/assets/matching/pair/aa0de948-5ab5-4da9-bb4c-bba63405d27b'),('5fcba564-113f-46ab-8b4b-b2a58033685c',NULL,NULL,'http://localhost:5173/src/assets/matching/video/1b93bd02-10f7-4dd6-8f42-ad53ad630b1b/IMG_1904.MOV','/Users/yonruizhang/MyUse/school/大四/毕业设计/代码/FeatureMatching/FeatureMatchingFrontend/src/assets/matching/video/1b93bd02-10f7-4dd6-8f42-ad53ad630b1b'),('60644fe8-867a-407a-97fc-0cbc9413f418','http://localhost:5173/src/assets/mosaic/pair/f2eb3448-070b-4dfb-a33c-35ffb4dabda3/left.png','http://localhost:5173/src/assets/mosaic/pair/f2eb3448-070b-4dfb-a33c-35ffb4dabda3/right.png',NULL,'/Users/yonruizhang/MyUse/school/大四/毕业设计/代码/FeatureMatching/FeatureMatchingFrontend/src/assets/mosaic/pair/f2eb3448-070b-4dfb-a33c-35ffb4dabda3'),('6117717f-2848-490e-895d-078ae42cbb6c','http://localhost:5173/src/assets/matching/pair/67279be4-c515-450a-9fcf-d1cc35135886/img105_left.png','http://localhost:5173/src/assets/matching/pair/67279be4-c515-450a-9fcf-d1cc35135886/img105_right.png',NULL,'/Users/yonruizhang/MyUse/school/大四/毕业设计/代码/FeatureMatching/FeatureMatchingFrontend/src/assets/matching/pair/67279be4-c515-450a-9fcf-d1cc35135886'),('61633aef-2de8-4384-9d08-eddac19cd81d',NULL,NULL,'http://localhost:5173/src/assets/matching/video/b3b903c5-9fb8-4ca0-adc3-922bde25abde/nyu_snippet.mp4','/Users/yonruizhang/MyUse/school/大四/毕业设计/代码/FeatureMatching/FeatureMatchingFrontend/src/assets/matching/video/b3b903c5-9fb8-4ca0-adc3-922bde25abde'),('657245d3-f1ec-43e3-a151-c63758e7fc37','http://localhost:5173/src/assets/mosaic/pair/1b0469fd-e13b-41f5-9d3b-81e8e81dfe47/img105_left.png','http://localhost:5173/src/assets/mosaic/pair/1b0469fd-e13b-41f5-9d3b-81e8e81dfe47/img105_right.png',NULL,'/Users/yonruizhang/MyUse/school/大四/毕业设计/代码/FeatureMatching/FeatureMatchingFrontend/src/assets/mosaic/pair/1b0469fd-e13b-41f5-9d3b-81e8e81dfe47'),('66b87230-2b6a-4796-a88f-af3f4d1ce764','http://localhost:5173/src/assets/mosaic/pair/4babf83b-5457-4fe7-ab8b-ec9f584af9c5/img105_left.png','http://localhost:5173/src/assets/mosaic/pair/4babf83b-5457-4fe7-ab8b-ec9f584af9c5/img105_right.png',NULL,'/Users/yonruizhang/MyUse/school/大四/毕业设计/代码/FeatureMatching/FeatureMatchingFrontend/src/assets/mosaic/pair/4babf83b-5457-4fe7-ab8b-ec9f584af9c5'),('6877df14-3482-4320-b8ea-220286ef61c7','http://localhost:5173/src/assets/mosaic/pair/b7a8e3b0-317d-4ab9-81e6-6059e245e980/img121_left.png','http://localhost:5173/src/assets/mosaic/pair/b7a8e3b0-317d-4ab9-81e6-6059e245e980/img121_right.png',NULL,'/Users/yonruizhang/MyUse/school/大四/毕业设计/代码/FeatureMatching/FeatureMatchingFrontend/src/assets/mosaic/pair/b7a8e3b0-317d-4ab9-81e6-6059e245e980'),('6882a560-8bad-4e90-9a44-7fc6073496e5','http://localhost:5173/src/assets/mosaic/pair/e7535d4e-80e8-48f7-bfb8-a09012842709/img105_left.png','http://localhost:5173/src/assets/mosaic/pair/e7535d4e-80e8-48f7-bfb8-a09012842709/img105_right.png',NULL,'/Users/yonruizhang/MyUse/school/大四/毕业设计/代码/FeatureMatching/FeatureMatchingFrontend/src/assets/mosaic/pair/e7535d4e-80e8-48f7-bfb8-a09012842709'),('6ab0de81-277d-4d69-97c5-15ebd5d1747f',NULL,NULL,'http://localhost:5173/src/assets/matching/video/e151829c-a436-44bf-bc59-d423c550d231/nyu_snippet.mp4','/Users/yonruizhang/MyUse/school/大四/毕业设计/代码/FeatureMatching/FeatureMatchingFrontend/src/assets/matching/video/e151829c-a436-44bf-bc59-d423c550d231'),('6b0a2486-94df-4577-b182-3b8a593d0004','http://localhost:5173/src/assets/matching/pair/4fbfc103-a6a1-41b1-bc53-929b7d84e71e/img105_left.png','http://localhost:5173/src/assets/matching/pair/4fbfc103-a6a1-41b1-bc53-929b7d84e71e/img105_right.png',NULL,'/Users/yonruizhang/MyUse/school/大四/毕业设计/代码/FeatureMatching/FeatureMatchingFrontend/src/assets/matching/pair/4fbfc103-a6a1-41b1-bc53-929b7d84e71e'),('6bc68119-1ce0-42a1-9c61-d10788f644d7',NULL,NULL,'http://localhost:5173/src/assets/matching/video/e151829c-a436-44bf-bc59-d423c550d231/nyu_snippet.mp4','/Users/yonruizhang/MyUse/school/大四/毕业设计/代码/FeatureMatching/FeatureMatchingFrontend/src/assets/matching/video/e151829c-a436-44bf-bc59-d423c550d231'),('75fb1e32-bbf8-4f6b-aabe-5988cb64cf4d','http://localhost:5173/src/assets/matching/pair/67279be4-c515-450a-9fcf-d1cc35135886/img105_left.png','http://localhost:5173/src/assets/matching/pair/67279be4-c515-450a-9fcf-d1cc35135886/img105_right.png',NULL,'/Users/yonruizhang/MyUse/school/大四/毕业设计/代码/FeatureMatching/FeatureMatchingFrontend/src/assets/matching/pair/67279be4-c515-450a-9fcf-d1cc35135886'),('778a74e7-b0c2-4de6-aec6-8429e1d2f37d','http://localhost:5173/src/assets/matching/pair/5a5cbab9-35ce-4f77-a5a7-da2b77b6431b/img105_left.png','http://localhost:5173/src/assets/matching/pair/5a5cbab9-35ce-4f77-a5a7-da2b77b6431b/img105_right.png',NULL,'/Users/yonruizhang/MyUse/school/大四/毕业设计/代码/FeatureMatching/FeatureMatchingFrontend/src/assets/matching/pair/5a5cbab9-35ce-4f77-a5a7-da2b77b6431b'),('77ac4c69-8087-4cca-9e8b-bc9b7eb3a1e8',NULL,NULL,'http://localhost:5173/src/assets/matching/video/e151829c-a436-44bf-bc59-d423c550d231/nyu_snippet.mp4','/Users/yonruizhang/MyUse/school/大四/毕业设计/代码/FeatureMatching/FeatureMatchingFrontend/src/assets/matching/video/e151829c-a436-44bf-bc59-d423c550d231'),('7904c6b9-a2ad-4260-8e36-b9d9fcef5a8a','http://localhost:5173/src/assets/matching/pair/302aa14d-7aad-4ebe-a1de-a96a470e95a7/img123_left.png','http://localhost:5173/src/assets/matching/pair/302aa14d-7aad-4ebe-a1de-a96a470e95a7/img123_right.png',NULL,'/Users/yonruizhang/MyUse/school/大四/毕业设计/代码/FeatureMatching/FeatureMatchingFrontend/src/assets/matching/pair/302aa14d-7aad-4ebe-a1de-a96a470e95a7'),('7b549535-9444-4472-b67c-8a34b53b81be',NULL,NULL,'http://localhost:5173/src/assets/matching/video/e151829c-a436-44bf-bc59-d423c550d231/nyu_snippet.mp4','/Users/yonruizhang/MyUse/school/大四/毕业设计/代码/FeatureMatching/FeatureMatchingFrontend/src/assets/matching/video/e151829c-a436-44bf-bc59-d423c550d231'),('831866d9-e22f-4c58-a9d5-3ede67c1f323',NULL,NULL,NULL,'/Users/yonruizhang/MyUse/school/大四/毕业设计/代码/FeatureMatching/FeatureMatchingFrontend/src/assets/matching/images/3c79a15b-173a-41d8-9806-4ee8b6016530'),('8ee85317-e926-4474-9e59-73007153bb71','http://localhost:5173/src/assets/mosaic/pair/1b0469fd-e13b-41f5-9d3b-81e8e81dfe47/img105_left.png','http://localhost:5173/src/assets/mosaic/pair/1b0469fd-e13b-41f5-9d3b-81e8e81dfe47/img105_right.png',NULL,'/Users/yonruizhang/MyUse/school/大四/毕业设计/代码/FeatureMatching/FeatureMatchingFrontend/src/assets/mosaic/pair/1b0469fd-e13b-41f5-9d3b-81e8e81dfe47'),('92e4452b-531f-43cf-a79f-8bead5665e03','http://localhost:5173/src/assets/matching/pair/136dc585-e0ab-4895-877d-fbbe54260ebc/left.png','http://localhost:5173/src/assets/matching/pair/136dc585-e0ab-4895-877d-fbbe54260ebc/right.png',NULL,'/Users/yonruizhang/MyUse/school/大四/毕业设计/代码/FeatureMatching/FeatureMatchingFrontend/src/assets/matching/pair/136dc585-e0ab-4895-877d-fbbe54260ebc'),('9bd63c31-fadd-445c-8f24-8349c045294a','http://localhost:5173/src/assets/matching/pair/5d3ce9d1-5f5d-42e4-ae0f-bd6466ecd6a5/scene0743_00_frame-000000.jpg','http://localhost:5173/src/assets/matching/pair/5d3ce9d1-5f5d-42e4-ae0f-bd6466ecd6a5/scene0743_00_frame-001275.jpg',NULL,'/Users/yonruizhang/MyUse/school/大四/毕业设计/代码/FeatureMatching/FeatureMatchingFrontend/src/assets/matching/pair/5d3ce9d1-5f5d-42e4-ae0f-bd6466ecd6a5'),('9cde149e-c13e-401a-8517-c4645da99162','http://localhost:5173/src/assets/matching/pair/f052813f-3b3d-41d2-bf11-d5dcf72fefb7/st_pauls_cathedral_30776973_2635313996.jpg','http://localhost:5173/src/assets/matching/pair/f052813f-3b3d-41d2-bf11-d5dcf72fefb7/st_pauls_cathedral_37347628_10902811376.jpg',NULL,'/Users/yonruizhang/MyUse/school/大四/毕业设计/代码/FeatureMatching/FeatureMatchingFrontend/src/assets/matching/pair/f052813f-3b3d-41d2-bf11-d5dcf72fefb7'),('a3b33231-1758-48ab-bce3-5495312b1e52','http://localhost:5173/src/assets/matching/pair/f052813f-3b3d-41d2-bf11-d5dcf72fefb7/st_pauls_cathedral_30776973_2635313996.jpg','http://localhost:5173/src/assets/matching/pair/f052813f-3b3d-41d2-bf11-d5dcf72fefb7/st_pauls_cathedral_37347628_10902811376.jpg',NULL,'/Users/yonruizhang/MyUse/school/大四/毕业设计/代码/FeatureMatching/FeatureMatchingFrontend/src/assets/matching/pair/f052813f-3b3d-41d2-bf11-d5dcf72fefb7'),('afa51359-e76c-4ecb-937c-058a5b0ff587','http://localhost:5173/src/assets/mosaic/pair/f2eb3448-070b-4dfb-a33c-35ffb4dabda3/left.png','http://localhost:5173/src/assets/mosaic/pair/f2eb3448-070b-4dfb-a33c-35ffb4dabda3/right.png',NULL,'/Users/yonruizhang/MyUse/school/大四/毕业设计/代码/FeatureMatching/FeatureMatchingFrontend/src/assets/mosaic/pair/f2eb3448-070b-4dfb-a33c-35ffb4dabda3'),('b44e9e21-c74d-4a28-a749-db28b4aea7c1',NULL,NULL,NULL,'/Users/yonruizhang/MyUse/school/大四/毕业设计/代码/FeatureMatching/FeatureMatchingFrontend/src/assets/matching/images/3c79a15b-173a-41d8-9806-4ee8b6016530'),('b8f4abab-e323-466d-b779-ebaea4dd1b20','http://localhost:5173/src/assets/mosaic/pair/1b0469fd-e13b-41f5-9d3b-81e8e81dfe47/img105_left.png','http://localhost:5173/src/assets/mosaic/pair/1b0469fd-e13b-41f5-9d3b-81e8e81dfe47/img105_right.png',NULL,'/Users/yonruizhang/MyUse/school/大四/毕业设计/代码/FeatureMatching/FeatureMatchingFrontend/src/assets/mosaic/pair/1b0469fd-e13b-41f5-9d3b-81e8e81dfe47'),('b97fbdfa-2163-4531-b186-f79a03e17366','http://localhost:5173/src/assets/matching/pair/f052813f-3b3d-41d2-bf11-d5dcf72fefb7/st_pauls_cathedral_30776973_2635313996.jpg','http://localhost:5173/src/assets/matching/pair/f052813f-3b3d-41d2-bf11-d5dcf72fefb7/st_pauls_cathedral_37347628_10902811376.jpg',NULL,'/Users/yonruizhang/MyUse/school/大四/毕业设计/代码/FeatureMatching/FeatureMatchingFrontend/src/assets/matching/pair/f052813f-3b3d-41d2-bf11-d5dcf72fefb7'),('ba9b087f-f737-43a3-a503-36e182f21b35','http://localhost:5173/src/assets/matching/pair/67279be4-c515-450a-9fcf-d1cc35135886/img105_left.png','http://localhost:5173/src/assets/matching/pair/67279be4-c515-450a-9fcf-d1cc35135886/img105_right.png',NULL,'/Users/yonruizhang/MyUse/school/大四/毕业设计/代码/FeatureMatching/FeatureMatchingFrontend/src/assets/matching/pair/67279be4-c515-450a-9fcf-d1cc35135886'),('bd1b9da3-d4dd-42fd-80cb-6646c886282d',NULL,NULL,NULL,'/Users/yonruizhang/MyUse/school/大四/毕业设计/代码/FeatureMatching/FeatureMatchingFrontend/src/assets/matching/images/8816fead-62c6-47b5-a90b-b8cbe39f0076'),('cd1fd714-3301-418c-8314-5f29fbf5676f','http://localhost:5173/src/assets/matching/pair/67279be4-c515-450a-9fcf-d1cc35135886/img105_left.png','http://localhost:5173/src/assets/matching/pair/67279be4-c515-450a-9fcf-d1cc35135886/img105_right.png',NULL,'/Users/yonruizhang/MyUse/school/大四/毕业设计/代码/FeatureMatching/FeatureMatchingFrontend/src/assets/matching/pair/67279be4-c515-450a-9fcf-d1cc35135886'),('df39f1d0-1373-4ec8-9eb9-a5a6d9086d89','http://localhost:5173/src/assets/mosaic/pair/e7535d4e-80e8-48f7-bfb8-a09012842709/img105_left.png','http://localhost:5173/src/assets/mosaic/pair/e7535d4e-80e8-48f7-bfb8-a09012842709/img105_right.png',NULL,'/Users/yonruizhang/MyUse/school/大四/毕业设计/代码/FeatureMatching/FeatureMatchingFrontend/src/assets/mosaic/pair/e7535d4e-80e8-48f7-bfb8-a09012842709'),('e28a8345-c841-430d-9023-db2d262e5f48','http://localhost:5173/src/assets/mosaic/pair/e7535d4e-80e8-48f7-bfb8-a09012842709/img105_left.png','http://localhost:5173/src/assets/mosaic/pair/e7535d4e-80e8-48f7-bfb8-a09012842709/img105_right.png',NULL,'/Users/yonruizhang/MyUse/school/大四/毕业设计/代码/FeatureMatching/FeatureMatchingFrontend/src/assets/mosaic/pair/e7535d4e-80e8-48f7-bfb8-a09012842709'),('f1819783-8ab8-421e-8ab2-2a6dfc8e46e7','http://localhost:5173/src/assets/mosaic/pair/f2eb3448-070b-4dfb-a33c-35ffb4dabda3/left.png','http://localhost:5173/src/assets/mosaic/pair/f2eb3448-070b-4dfb-a33c-35ffb4dabda3/right.png',NULL,'/Users/yonruizhang/MyUse/school/大四/毕业设计/代码/FeatureMatching/FeatureMatchingFrontend/src/assets/mosaic/pair/f2eb3448-070b-4dfb-a33c-35ffb4dabda3'),('f418ac79-1a8b-4980-b79e-77c12b9efa42','http://localhost:5173/src/assets/matching/pair/4080e65d-e6df-4e02-9d13-b6c71e3edaa4/opencv_orig.png','http://localhost:5173/src/assets/matching/pair/4080e65d-e6df-4e02-9d13-b6c71e3edaa4/opencv_search.png',NULL,'/Users/yonruizhang/MyUse/school/大四/毕业设计/代码/FeatureMatching/FeatureMatchingFrontend/src/assets/matching/pair/4080e65d-e6df-4e02-9d13-b6c71e3edaa4'),('f9592a6e-0e70-4e93-ae91-5ed1da2b8163','http://localhost:5173/src/assets/mosaic/pair/e7535d4e-80e8-48f7-bfb8-a09012842709/img105_left.png','http://localhost:5173/src/assets/mosaic/pair/e7535d4e-80e8-48f7-bfb8-a09012842709/img105_right.png',NULL,'/Users/yonruizhang/MyUse/school/大四/毕业设计/代码/FeatureMatching/FeatureMatchingFrontend/src/assets/mosaic/pair/e7535d4e-80e8-48f7-bfb8-a09012842709'),('fdc4dbd7-9d3c-44ba-b978-85243d69d84a','http://localhost:5173/src/assets/mosaic/pair/f2eb3448-070b-4dfb-a33c-35ffb4dabda3/left.png','http://localhost:5173/src/assets/mosaic/pair/f2eb3448-070b-4dfb-a33c-35ffb4dabda3/right.png',NULL,'/Users/yonruizhang/MyUse/school/大四/毕业设计/代码/FeatureMatching/FeatureMatchingFrontend/src/assets/mosaic/pair/f2eb3448-070b-4dfb-a33c-35ffb4dabda3');
/*!40000 ALTER TABLE `t_upload_data` ENABLE KEYS */;
UNLOCK TABLES;

--
-- Table structure for table `t_user`
--

DROP TABLE IF EXISTS `t_user`;
/*!40101 SET @saved_cs_client     = @@character_set_client */;
/*!50503 SET character_set_client = utf8mb4 */;
CREATE TABLE `t_user` (
  `id` varchar(128) NOT NULL,
  `username` varchar(64) NOT NULL,
  `password` varchar(128) NOT NULL COMMENT '密码',
  `role` varchar(64) NOT NULL COMMENT '角色',
  `register_date` datetime NOT NULL,
  `email` varchar(128) DEFAULT NULL COMMENT '邮箱地址',
  `birthday` date DEFAULT NULL,
  `gender` varchar(16) NOT NULL,
  PRIMARY KEY (`id`),
  UNIQUE KEY `ix_t_user_username` (`username`),
  KEY `ix_t_user_email` (`email`)
) ENGINE=InnoDB DEFAULT CHARSET=utf8mb4 COLLATE=utf8mb4_0900_ai_ci;
/*!40101 SET character_set_client = @saved_cs_client */;

--
-- Dumping data for table `t_user`
--

LOCK TABLES `t_user` WRITE;
/*!40000 ALTER TABLE `t_user` DISABLE KEYS */;
INSERT INTO `t_user` VALUES ('087e7a8b-2948-4061-a6c1-1baf4fd6fa2b','小冯','123456','guest','2025-02-19 21:12:28','','2003-07-11','female'),('130f3887-029e-4fef-98f5-2e1ea457f49a','xiaobai','xiaobai','guest','2025-02-19 21:10:06','xiaobai@gmail.com','2025-02-05','female'),('19b8b4b7-c435-4088-8d5c-ce7e0f049252','秋白','123456','admin','2025-02-19 21:08:41','','2025-02-01','male'),('1ec44f70-8642-4a32-86e3-9d869dcfd108','小王','123456','guest','2025-02-19 21:12:33','',NULL,'male'),('26ce218f-8bc9-4c86-991a-4026aeb439e2','honey','123456','guest','2025-02-20 16:35:56','honey@qq.com','2020-02-04','female'),('2f071e63-6744-410f-9faf-e39d8be81a24','xiaohei','123456','guest','2025-02-19 21:10:12','xiaohei@gmail.com','2025-01-31','female'),('426a791e-4ae0-4a4b-ab50-9dad585cfa1b','王五','123456','guest','2025-02-19 21:06:29','',NULL,'male'),('4967d9d5-0605-4713-8e0a-e79bcbbd2377','zhangyr','123456','admin','2025-02-19 21:08:18','zhangyr@gmail.com','2026-06-26','male'),('4a2f267c-9c0c-4a14-885e-ebbe56c113da','Jack','123456','guest','2025-02-19 21:09:51','Jack@gmail.com',NULL,'male'),('4d1f8fc9-d544-4e96-9078-90cc935f77a4','小赵','123456','guest','2025-02-19 21:12:06','','2023-02-11','female'),('56524e7f-9f1a-40e7-b7b0-b63cee0e051b','John','123456','guest','2025-02-19 21:09:56','John@gmail.com','2025-02-13','male'),('5c14d5a2-08da-4b96-8e16-19e1e89d8ba2','zyr','123456','admin','2025-02-19 21:08:11','zyr@gmail.com','2003-07-13','male'),('6291075a-79ee-4b2a-9110-911844dca929','管理员','123456','admin','2025-02-19 21:11:47','',NULL,'male'),('661649a2-d6ef-4e4e-9b1c-88566b9168b6','小白','123456','guest','2025-02-19 21:10:17','','2025-02-06','female'),('678dca67-effe-4388-a7c6-00173b96a015','小李','123456','guest','2025-02-19 21:12:10','xiaoli@163.com',NULL,'male'),('708cc440-eddd-4b18-9124-3479c9718167','小黑','123456','guest','2025-02-19 21:10:21','',NULL,'male'),('78416080-a1fb-4ee6-8db9-fadcb9c0d2b2','张三','123456','guest','2025-02-19 21:06:59','','2020-11-21','male'),('7bae42ff-9550-4185-acc6-21f99c7cf2a3','我是人','123456','guest','2025-02-19 21:12:01','',NULL,'male'),('81df46cd-6080-47a3-9d85-50a286517456','zhaoliu','123456','guest','2025-02-19 21:08:01','zhaoliu@qq.com',NULL,'female'),('842ee299-9d91-4104-9099-75f190645bf1','fengyunyun','123456','admin','2025-02-19 21:10:37','fengyunyun@edu.com',NULL,'female'),('8bd60957-ed90-4cfc-be77-56a0bc0c752c','zhangsan','123456','guest','2025-02-19 21:03:51','zhangsan@qq.com','2012-12-31','male'),('8be0f994-06c1-4b5d-af6d-cc47051a5290','Mary','123456','guest','2025-02-19 21:10:01','',NULL,'female'),('8cdfb9e6-224a-42b8-9ca7-ec41775ebd09','李四','123456','guest','2025-02-19 21:06:54','Mary@gmail.com',NULL,'male'),('988adf5e-67aa-44e2-a98d-72fe54407e47','zhangqiubai','123456','guest','2025-02-19 21:08:33','',NULL,'male'),('9f1de039-3f48-466b-adb4-d656037fad7c','qiubai','123456','admin','2025-02-19 21:08:28','qiubai@qq.com','1999-05-15','female'),('a8ecf6d1-102a-46a3-9e6a-5797f3efbd4f','qiufengshuishui','123456','guest','2025-02-19 21:10:48','',NULL,'female'),('ae4f92e9-caaf-4c91-8371-f7232822c105','gule','123456','guest','2025-02-19 21:08:47','gule@163.com',NULL,'female'),('b0d30b42-e735-454b-a422-5178967efea1','小张','123456','guest','2025-02-19 21:12:20','',NULL,'male'),('bbcf5911-1f45-41c2-9246-129d35153f48','lisi','lisi1234','guest','2025-02-19 21:07:05','lisi@163.com','2001-10-10','male'),('c0982124-e649-415a-97f4-1d440a78d5e9','小黄','123456','guest','2025-02-19 21:10:26','',NULL,'male'),('cc0ff635-5500-451e-b991-496a98ec5382','hanhan','123456','guest','2025-02-20 16:34:56','',NULL,'male'),('ce699c6b-59a3-49d1-ac38-fa6fc452a825','Alice','123456','guest','2025-02-20 16:36:42','Alice@163.com','2018-03-01','female'),('d0a3baa0-9322-4f64-91a2-db3e4c52361f','admin','admin','admin','2025-02-19 21:03:41','admin@gmail','1970-01-01','female'),('d5556353-e081-4efa-b294-71f1f6cc079b','张永锐','zyr123','admin','2025-02-21 22:10:00','zhangyongrui@gmail.com','2003-07-13','male'),('d95f904d-6fd0-4428-b08d-31cd1b04b50d','赵六','123456','guest','2025-02-19 21:06:37','',NULL,'male'),('df84141c-fe67-4046-ab99-fbb2f32533ec','wangwu','123456','guest','2025-02-19 21:07:10','wangwu@gmail',NULL,'male'),('e5275b68-b203-40fa-8621-f1ffa62146dd','xiaohuang','123456','guest','2025-02-19 21:10:31','xiaohuang@gmail',NULL,'male'),('f1b65715-965d-4e0d-abd6-6c197d6ce5e0','小航','123456','guest','2025-02-19 21:12:15','',NULL,'female'),('f4617b50-f08a-4449-99e1-329d5e76442e','zhangyongrui','123456','admin','2025-02-19 21:08:23','zyr@163.com','2003-07-13','male');
/*!40000 ALTER TABLE `t_user` ENABLE KEYS */;
UNLOCK TABLES;
/*!40103 SET TIME_ZONE=@OLD_TIME_ZONE */;

/*!40101 SET SQL_MODE=@OLD_SQL_MODE */;
/*!40014 SET FOREIGN_KEY_CHECKS=@OLD_FOREIGN_KEY_CHECKS */;
/*!40014 SET UNIQUE_CHECKS=@OLD_UNIQUE_CHECKS */;
/*!40101 SET CHARACTER_SET_CLIENT=@OLD_CHARACTER_SET_CLIENT */;
/*!40101 SET CHARACTER_SET_RESULTS=@OLD_CHARACTER_SET_RESULTS */;
/*!40101 SET COLLATION_CONNECTION=@OLD_COLLATION_CONNECTION */;
/*!40111 SET SQL_NOTES=@OLD_SQL_NOTES */;

-- Dump completed on 2025-04-10 20:21:48
